PRICING_DATE,PX_LAST
2002-05-09,2.6875
2002-05-10,2.65
2002-05-13,2.5875
2002-05-14,2.7275
2002-05-15,2.7375
2002-05-16,2.6625
2002-05-17,2.7375
2002-05-20,2.6775
2002-05-21,2.6325
2002-05-22,2.5875
2002-05-23,2.6125
2002-05-24,2.6475
2002-05-27,2.6825
2002-05-28,2.6625
2002-05-29,2.6425
2002-05-30,2.6075
2002-05-31,2.6375
2002-06-03,2.6275
2002-06-04,2.5675
2002-06-05,2.5825
2002-06-06,2.5725
2002-06-07,2.5575
2002-06-10,2.5725
2002-06-11,2.5425
2002-06-12,2.4775
2002-06-13,2.4525
2002-06-14,2.3825
2002-06-17,2.3875
2002-06-18,2.3925
2002-06-19,2.3475
2002-06-20,2.3275
2002-06-21,2.3525
2002-06-24,2.3025
2002-06-25,2.3475
2002-06-26,2.2325
2002-06-27,2.2675
2002-06-28,2.3025
2002-07-01,2.2875
2002-07-02,2.2425
2002-07-03,2.2225
2002-07-04,2.2575
2002-07-05,2.3125
2002-07-08,2.2825
2002-07-09,2.2575
2002-07-10,2.1925
2002-07-11,2.1275
2002-07-12,2.1225
2002-07-15,2.0675
2002-07-16,2.1375
2002-07-17,2.1725
2002-07-18,2.1475
2002-07-19,2.0975
2002-07-22,2.0425
2002-07-23,2.0475
2002-07-24,1.9775
2002-07-25,1.9975
2002-07-26,1.9525
2002-07-29,2.0375
2002-07-30,2.0625
2002-07-31,2.0025
2002-08-01,1.9075
2002-08-02,1.8225
2002-08-05,1.7875
2002-08-06,1.8375
2002-08-07,1.7575
2002-08-08,1.79
2002-08-09,1.8675
2002-08-12,1.8375
2002-08-13,1.8325
2002-08-14,1.85
2002-08-15,1.9325
2002-08-16,1.9325
2002-08-19,1.9425
2002-08-20,1.8675
2002-08-21,1.8875
2002-08-22,1.9325
2002-08-23,1.9375
2002-08-26,1.9125
2002-08-27,1.9975
2002-08-28,1.9625
2002-08-29,1.9075
2002-08-30,1.9225
2002-09-02,1.91
2002-09-03,1.8075
2002-09-04,1.7975
2002-09-05,1.7875
2002-09-06,1.8525
2002-09-09,1.8725
2002-09-10,1.9325
2002-09-11,2.0025
2002-09-12,1.9525
2002-09-13,1.9125
2002-09-16,1.9075
2002-09-17,1.945
2002-09-18,1.8775
2002-09-19,1.8425
2002-09-20,1.8275
2002-09-23,1.8025
2002-09-24,1.7675
2002-09-25,1.7775
2002-09-26,1.8225
2002-09-27,1.7675
2002-09-30,1.6425
2002-10-01,1.6625
2002-10-02,1.7175
2002-10-03,1.6775
2002-10-04,1.7475
2002-10-07,1.7325
2002-10-08,1.7125
2002-10-09,1.7425
2002-10-10,1.7375
2002-10-11,1.7775
2002-10-14,1.765
2002-10-15,1.9125
2002-10-16,1.9075
2002-10-17,1.9525
2002-10-18,1.9525
2002-10-21,1.9725
2002-10-22,1.9875
2002-10-23,1.9075
2002-10-24,1.9225
2002-10-25,1.8625
2002-10-28,1.7275
2002-10-29,1.6425
2002-10-30,1.6475
2002-10-31,1.5875
2002-11-01,1.605
2002-11-04,1.6225
2002-11-05,1.6175
2002-11-06,1.6125
2002-11-07,1.5425
2002-11-08,1.5475
2002-11-11,1.5375
2002-11-12,1.5275
2002-11-13,1.5275
2002-11-14,1.5725
2002-11-15,1.6375
2002-11-18,1.63
2002-11-19,1.595
2002-11-20,1.6075
2002-11-21,1.6875
2002-11-22,1.6775
2002-11-25,1.6825
2002-11-26,1.6825
2002-11-27,1.7075
2002-11-28,1.7075
2002-11-29,1.6925
2002-12-02,1.7075
2002-12-03,1.6775
2002-12-04,1.6575
2002-12-05,1.6575
2002-12-06,1.6775
2002-12-09,1.5825
2002-12-10,1.5825
2002-12-11,1.5775
2002-12-12,1.5525
2002-12-13,1.5575
2002-12-16,1.5775
2002-12-17,1.6125
2002-12-18,1.5125
2002-12-19,1.5075
2002-12-20,1.5125
2002-12-23,1.5325
2002-12-24,1.4725
2002-12-25,1.505
2002-12-26,1.4675
2002-12-27,1.4375
2002-12-30,1.4275
2002-12-31,1.4075
2003-01-01,1.435
2003-01-02,1.5275
2003-01-03,1.5325
2003-01-06,1.5575
2003-01-07,1.5175
2003-01-08,1.4925
2003-01-09,1.54
2003-01-10,1.4975
2003-01-13,1.5025
2003-01-14,1.4825
2003-01-15,1.4625
2003-01-16,1.4975
2003-01-17,1.4375
2003-01-20,1.4425
2003-01-21,1.4231
2003-01-22,1.4076
2003-01-23,1.4325
2003-01-24,1.3975
2003-01-27,1.421
2003-01-28,1.4325
2003-01-29,1.4175
2003-01-30,1.4775
2003-01-31,1.4287
2003-02-03,1.4425
2003-02-04,1.4225
2003-02-05,1.4325
2003-02-06,1.4075
2003-02-07,1.4175
2003-02-10,1.3875
2003-02-11,1.3875
2003-02-12,1.3775
2003-02-13,1.3725
2003-02-14,1.3598
2003-02-17,1.385
2003-02-18,1.399
2003-02-19,1.3925
2003-02-20,1.3725
2003-02-21,1.3875
2003-02-24,1.38
2003-02-25,1.37
2003-02-26,1.38
2003-02-27,1.35
2003-02-28,1.365
2003-03-03,1.35
2003-03-04,1.33
2003-03-05,1.32
2003-03-06,1.33
2003-03-07,1.29
2003-03-10,1.29
2003-03-11,1.1927
2003-03-12,1.2125
2003-03-13,1.3075
2003-03-14,1.3275
2003-03-17,1.3225
2003-03-18,1.3425
2003-03-19,1.3925
2003-03-20,1.392
2003-03-21,1.4436
2003-03-24,1.3751
2003-03-25,1.3702
2003-03-26,1.377
2003-03-27,1.3278
2003-03-28,1.3025
2003-03-31,1.2525
2003-04-01,1.2475
2003-04-02,1.3125
2003-04-03,1.2875
2003-04-04,1.2775
2003-04-07,1.3575
2003-04-08,1.3225
2003-04-09,1.3025
2003-04-10,1.3025
2003-04-11,1.3575
2003-04-14,1.4125
2003-04-15,1.4175
2003-04-16,1.4025
2003-04-17,1.3875
2003-04-18,1.415
2003-04-21,1.4275
2003-04-22,1.3925
2003-04-23,1.4025
2003-04-24,1.3775
2003-04-25,1.2975
2003-04-28,1.3225
2003-04-29,1.3475
2003-04-30,1.2803
2003-05-01,1.27
2003-05-02,1.27
2003-05-05,1.3
2003-05-06,1.29
2003-05-07,1.29
2003-05-08,1.2699
2003-05-09,1.2645
2003-05-12,1.2582
2003-05-13,1.2719
2003-05-14,1.2403
2003-05-15,1.2632
2003-05-16,1.2047
2003-05-19,1.1894
2003-05-20,1.1456
2003-05-21,1.1925
2003-05-22,1.2075
2003-05-23,1.2075
2003-05-26,1.2008
2003-05-27,1.1941
2003-05-28,1.2114
2003-05-29,1.1837
2003-05-30,1.2175
2003-06-02,1.2325
2003-06-03,1.1825
2003-06-04,1.1475
2003-06-05,1.1225
2003-06-06,1.1475
2003-06-09,1.1175
2003-06-10,1.0325
2003-06-11,1.0425
2003-06-12,1.0125
2003-06-13,0.9875
2003-06-16,0.9975
2003-06-17,1.0559
2003-06-18,1.05
2003-06-19,1.0075
2003-06-20,1.0125
2003-06-23,1.0025
2003-06-24,1.0025
2003-06-25,1.1425
2003-06-26,1.1775
2003-06-27,1.1975
2003-06-30,1.1575
2003-07-01,1.1525
2003-07-02,1.1775
2003-07-03,1.1575
2003-07-04,1.1525
2003-07-07,1.1675
2003-07-08,1.1725
2003-07-09,1.1725
2003-07-10,1.1575
2003-07-11,1.1575
2003-07-14,1.168
2003-07-15,1.1675
2003-07-16,1.1875
2003-07-17,1.202
2003-07-18,1.1925
2003-07-21,1.2175
2003-07-22,1.2125
2003-07-23,1.1825
2003-07-24,1.2125
2003-07-25,1.1875
2003-07-28,1.2325
2003-07-29,1.2375
2003-07-30,1.2664
2003-07-31,1.3901
2003-08-01,1.4453
2003-08-04,1.3975
2003-08-05,1.4375
2003-08-06,1.3975
2003-08-07,1.3625
2003-08-08,1.3325
2003-08-11,1.3925
2003-08-12,1.3775
2003-08-13,1.3575
2003-08-14,1.419
2003-08-15,1.393
2003-08-18,1.3975
2003-08-19,1.3775
2003-08-20,1.3825
2003-08-21,1.4725
2003-08-22,1.4475
2003-08-25,1.4625
2003-08-26,1.4475
2003-08-27,1.4525
2003-08-28,1.408
2003-08-29,1.4175
2003-09-01,1.4375
2003-09-02,1.4725
2003-09-03,1.492
2003-09-04,1.445
2003-09-05,1.3137
2003-09-08,1.345
2003-09-09,1.3425
2003-09-10,1.3175
2003-09-11,1.32
2003-09-12,1.318
2003-09-15,1.304
2003-09-16,1.2925
2003-09-17,1.3225
2003-09-18,1.3075
2003-09-19,1.3025
2003-09-22,1.3275
2003-09-23,1.3225
2003-09-24,1.2875
2003-09-25,1.2875
2003-09-26,1.2775
2003-09-29,1.2825
2003-09-30,1.2375
2003-10-01,1.2025
2003-10-02,1.2325
2003-10-03,1.3325
2003-10-06,1.3075
2003-10-07,1.2825
2003-10-08,1.3025
2003-10-09,1.3475
2003-10-10,1.3125
2003-10-13,1.3425
2003-10-14,1.3625
2003-10-15,1.4075
2003-10-16,1.485
2003-10-17,1.4975
2003-10-20,1.52
2003-10-21,1.522
2003-10-22,1.4425
2003-10-23,1.4775
2003-10-24,1.4325
2003-10-27,1.4575
2003-10-28,1.4925
2003-10-29,1.4175
2003-10-30,1.4775
2003-10-31,1.4725
2003-11-03,1.504
2003-11-04,1.482
2003-11-05,1.511
2003-11-06,1.551
2003-11-07,1.5683
2003-11-10,1.5725
2003-11-11,1.5675
2003-11-12,1.5725
2003-11-13,1.5325
2003-11-14,1.4625
2003-11-17,1.4225
2003-11-18,1.4364
2003-11-19,1.4786
2003-11-20,1.4428
2003-11-21,1.453
2003-11-24,1.502
2003-11-25,1.495
2003-11-26,1.54
2003-11-27,1.54
2003-11-28,1.601
2003-12-01,1.635
2003-12-02,1.626
2003-12-03,1.64
2003-12-04,1.603
2003-12-05,1.488
2003-12-08,1.509
2003-12-09,1.539
2003-12-10,1.503
2003-12-11,1.434
2003-12-12,1.449
2003-12-15,1.453
2003-12-16,1.447
2003-12-17,1.442
2003-12-18,1.455
2003-12-19,1.456
2003-12-22,1.4453
2003-12-23,1.4939
2003-12-24,1.4759
2003-12-25,1.4759
2003-12-26,1.4177
2003-12-29,1.451
2003-12-30,1.456
2003-12-31,1.458
2004-01-01,1.458
2004-01-02,1.52
2004-01-05,1.512
2004-01-06,1.46
2004-01-07,1.455
2004-01-08,1.46
2004-01-09,1.348
2004-01-12,1.345
2004-01-13,1.328
2004-01-14,1.337
2004-01-15,1.357
2004-01-16,1.359
2004-01-19,1.359
2004-01-20,1.371
2004-01-21,1.369
2004-01-22,1.346
2004-01-23,1.37
2004-01-26,1.39
2004-01-27,1.373
2004-01-28,1.468
2004-01-29,1.485
2004-01-30,1.463
2004-02-02,1.461
2004-02-03,1.4193
2004-02-04,1.431
2004-02-05,1.48
2004-02-06,1.425
2004-02-09,1.422
2004-02-10,1.4438
2004-02-11,1.378
2004-02-12,1.388
2004-02-13,1.365
2004-02-16,1.365
2004-02-17,1.372
2004-02-18,1.371
2004-02-19,1.375
2004-02-20,1.407
2004-02-23,1.379
2004-02-24,1.373
2004-02-25,1.364
2004-02-26,1.374
2004-02-27,1.369
2004-03-01,1.3712
2004-03-02,1.415
2004-03-03,1.423
2004-03-04,1.414
2004-03-05,1.306
2004-03-08,1.289
2004-03-09,1.292
2004-03-10,1.309
2004-03-11,1.31
2004-03-12,1.31
2004-03-15,1.315
2004-03-16,1.286
2004-03-17,1.2797
2004-03-18,1.303
2004-03-19,1.305
2004-03-22,1.29
2004-03-23,1.295
2004-03-24,1.293
2004-03-25,1.296
2004-03-26,1.328
2004-03-29,1.35
2004-03-30,1.36
2004-03-31,1.342
2004-04-01,1.372
2004-04-02,1.51
2004-04-05,1.524
2004-04-06,1.496
2004-04-07,1.5
2004-04-08,1.496
2004-04-09,1.496
2004-04-12,1.508
2004-04-13,1.5526
2004-04-14,1.648
2004-04-15,1.642
2004-04-16,1.592
2004-04-19,1.62
2004-04-20,1.645
2004-04-21,1.712
2004-04-22,1.69
2004-04-23,1.768
2004-04-26,1.773
2004-04-27,1.748
2004-04-28,1.786
2004-04-29,1.833
2004-04-30,1.816
2004-05-03,1.821
2004-05-04,1.819
2004-05-05,1.841
2004-05-06,1.895
2004-05-07,2.091
2004-05-10,2.07
2004-05-11,2.057
2004-05-12,2.061
2004-05-13,2.108
2004-05-14,2.062
2004-05-17,2.024
2004-05-18,2.065
2004-05-19,2.121
2004-05-20,2.091
2004-05-21,2.132
2004-05-24,2.123
2004-05-25,2.121
2004-05-26,2.079
2004-05-27,2.039
2004-05-28,2.119
2004-05-31,2.119
2004-06-01,2.151
2004-06-02,2.2
2004-06-03,2.1899
2004-06-04,2.264
2004-06-07,2.236
2004-06-08,2.267
2004-06-09,2.334
2004-06-10,2.376
2004-06-11,2.376
2004-06-14,2.502
2004-06-15,2.39
2004-06-16,2.419
2004-06-17,2.393
2004-06-18,2.397
2004-06-21,2.384
2004-06-22,2.397
2004-06-23,2.399
2004-06-24,2.385
2004-06-25,2.388
2004-06-28,2.47
2004-06-29,2.457
2004-06-30,2.375
2004-07-01,2.331
2004-07-02,2.244
2004-07-05,2.244
2004-07-06,2.252
2004-07-07,2.253
2004-07-08,2.253
2004-07-09,2.25
2004-07-12,2.253
2004-07-13,2.286
2004-07-14,2.305
2004-07-15,2.323
2004-07-16,2.266
2004-07-19,2.271
2004-07-20,2.352
2004-07-21,2.398
2004-07-22,2.394
2004-07-23,2.386
2004-07-26,2.424
2004-07-27,2.47
2004-07-28,2.455
2004-07-29,2.438
2004-07-30,2.383
2004-08-02,2.359
2004-08-03,2.355
2004-08-04,2.372
2004-08-05,2.364
2004-08-06,2.182
2004-08-09,2.214
2004-08-10,2.281
2004-08-11,2.273
2004-08-12,2.278
2004-08-13,2.248
2004-08-16,2.272
2004-08-17,2.241
2004-08-18,2.249
2004-08-19,2.246
2004-08-20,2.268
2004-08-23,2.301
2004-08-24,2.31
2004-08-25,2.322
2004-08-26,2.314
2004-08-27,2.321
2004-08-30,2.303
2004-08-31,2.271
2004-09-01,2.258
2004-09-02,2.309
2004-09-03,2.438
2004-09-06,2.438
2004-09-07,2.435
2004-09-08,2.372
2004-09-09,2.376
2004-09-10,2.346
2004-09-13,2.339
2004-09-14,2.2935
2004-09-15,2.3235
2004-09-16,2.292
2004-09-17,2.354
2004-09-20,2.324
2004-09-21,2.357
2004-09-22,2.369
2004-09-23,2.42
2004-09-24,2.46
2004-09-27,2.453
2004-09-28,2.443
2004-09-29,2.484
2004-09-30,2.488
2004-10-01,2.495
2004-10-04,2.518
2004-10-05,2.508
2004-10-06,2.543
2004-10-07,2.553
2004-10-08,2.472
2004-10-11,2.472
2004-10-12,2.448
2004-10-13,2.428
2004-10-14,2.4
2004-10-15,2.427
2004-10-18,2.435
2004-10-19,2.444
2004-10-20,2.429
2004-10-21,2.463
2004-10-22,2.459
2004-10-25,2.454
2004-10-26,2.464
2004-10-27,2.538
2004-10-28,2.544
2004-10-29,2.542
2004-11-01,2.59
2004-11-02,2.589
2004-11-03,2.577
2004-11-04,2.606
2004-11-05,2.758
2004-11-08,2.772
2004-11-09,2.783
2004-11-10,2.81
2004-11-11,2.81
2004-11-12,2.814
2004-11-15,2.848
2004-11-16,2.88
2004-11-17,2.842
2004-11-18,2.868
2004-11-19,2.912
2004-11-22,2.928
2004-11-23,2.94
2004-11-24,2.95
2004-11-25,2.95
2004-11-26,2.967
2004-11-29,2.988
2004-11-30,2.973
2004-12-01,2.973
2004-12-02,2.998
2004-12-03,2.929
2004-12-06,2.922
2004-12-07,2.928
2004-12-08,2.928
2004-12-09,2.941
2004-12-10,2.961
2004-12-13,2.993
2004-12-14,3.0
2004-12-15,3.0
2004-12-16,3.04
2004-12-17,3.07
2004-12-20,3.095
2004-12-21,3.095
2004-12-22,3.092
2004-12-23,3.087
2004-12-24,3.087
2004-12-27,3.111
2004-12-28,3.107
2004-12-29,3.116
2004-12-30,3.112
2004-12-31,3.096
2005-01-03,3.112
2005-01-04,3.169
2005-01-05,3.182
2005-01-06,3.165
2005-01-07,3.192
2005-01-10,3.207
2005-01-11,3.217
2005-01-12,3.223
2005-01-13,3.213
2005-01-14,3.239
2005-01-17,3.239
2005-01-18,3.254
2005-01-19,3.261
2005-01-20,3.239
2005-01-21,3.205
2005-01-24,3.219
2005-01-25,3.237
2005-01-26,3.262
2005-01-27,3.268
2005-01-28,3.25
2005-01-31,3.282
2005-02-01,3.284
2005-02-02,3.318
2005-02-03,3.337
2005-02-04,3.305
2005-02-07,3.327
2005-02-08,3.334
2005-02-09,3.288
2005-02-10,3.313
2005-02-11,3.351
2005-02-14,3.373
2005-02-15,3.377
2005-02-16,3.427
2005-02-17,3.415
2005-02-18,3.456
2005-02-21,3.456
2005-02-22,3.472
2005-02-23,3.484
2005-02-24,3.5065
2005-02-25,3.528
2005-02-28,3.566
2005-03-01,3.57
2005-03-02,3.561
2005-03-03,3.576
2005-03-04,3.565
2005-03-07,3.58
2005-03-08,3.592
2005-03-09,3.625
2005-03-10,3.641
2005-03-11,3.672
2005-03-14,3.6955
2005-03-15,3.71
2005-03-16,3.711
2005-03-17,3.697
2005-03-18,3.706
2005-03-21,3.722
2005-03-22,3.786
2005-03-23,3.825
2005-03-24,3.831
2005-03-25,3.837
2005-03-28,3.844
2005-03-29,3.837
2005-03-30,3.839
2005-03-31,3.808
2005-04-01,3.767
2005-04-04,3.777
2005-04-05,3.786
2005-04-06,3.765
2005-04-07,3.777
2005-04-08,3.8
2005-04-11,3.802
2005-04-12,3.793
2005-04-13,3.75
2005-04-14,3.708
2005-04-15,3.647
2005-04-18,3.633
2005-04-19,3.598
2005-04-20,3.615
2005-04-21,3.707
2005-04-22,3.699
2005-04-25,3.718
2005-04-26,3.734
2005-04-27,3.701
2005-04-28,3.685
2005-04-29,3.731
2005-05-02,3.722
2005-05-03,3.749
2005-05-04,3.712
2005-05-05,3.667
2005-05-06,3.797
2005-05-09,3.817
2005-05-10,3.783
2005-05-11,3.779
2005-05-12,3.771
2005-05-13,3.734
2005-05-16,3.733
2005-05-17,3.743
2005-05-18,3.726
2005-05-19,3.771
2005-05-20,3.806
2005-05-23,3.781
2005-05-24,3.76
2005-05-25,3.758
2005-05-26,3.79
2005-05-27,3.799
2005-05-30,3.799
2005-05-31,3.769
2005-06-01,3.7
2005-06-02,3.712
2005-06-03,3.736
2005-06-06,3.748
2005-06-07,3.729
2005-06-08,3.762
2005-06-09,3.798
2005-06-10,3.861
2005-06-13,3.863
2005-06-14,3.863
2005-06-15,3.877
2005-06-16,3.865
2005-06-17,3.874
2005-06-20,3.885
2005-06-21,3.881
2005-06-22,3.829
2005-06-23,3.842
2005-06-24,3.814
2005-06-27,3.825
2005-06-28,3.87
2005-06-29,3.889
2005-06-30,3.911
2005-07-01,3.981
2005-07-04,3.981
2005-07-05,4.014
2005-07-06,4.002
2005-07-07,3.96
2005-07-08,4.016
2005-07-11,4.032
2005-07-12,4.048
2005-07-13,4.065
2005-07-14,4.071
2005-07-15,4.082
2005-07-18,4.102
2005-07-19,4.096
2005-07-20,4.109
2005-07-21,4.144
2005-07-22,4.1245
2005-07-25,4.145
2005-07-26,4.1445
2005-07-27,4.188
2005-07-28,4.174
2005-07-29,4.218
2005-08-01,4.2295
2005-08-02,4.2345
2005-08-03,4.2265
2005-08-04,4.241
2005-08-05,4.289
2005-08-08,4.328
2005-08-09,4.303
2005-08-10,4.3075
2005-08-11,4.29
2005-08-12,4.2715
2005-08-15,4.3005
2005-08-16,4.265
2005-08-17,4.291
2005-08-18,4.2625
2005-08-19,4.2805
2005-08-22,4.2805
2005-08-23,4.2434
2005-08-24,4.254
2005-08-25,4.2755
2005-08-26,4.3105
2005-08-29,4.306
2005-08-30,4.2355
2005-08-31,4.112
2005-09-01,4.006
2005-09-02,4.029
2005-09-05,4.019
2005-09-06,4.0735
2005-09-07,4.1305
2005-09-08,4.156
2005-09-09,4.1525
2005-09-12,4.1845
2005-09-13,4.1575
2005-09-14,4.1675
2005-09-15,4.1677
2005-09-16,4.2515
2005-09-19,4.216
2005-09-20,4.286
2005-09-21,4.2525
2005-09-22,4.263
2005-09-23,4.324
2005-09-26,4.364
2005-09-27,4.389
2005-09-28,4.406
2005-09-29,4.44
2005-09-30,4.49
2005-10-03,4.521
2005-10-04,4.518
2005-10-05,4.5005
2005-10-06,4.5185
2005-10-07,4.5095
2005-10-10,4.514
2005-10-11,4.539
2005-10-12,4.561
2005-10-13,4.565
2005-10-14,4.5785
2005-10-17,4.592
2005-10-18,4.58
2005-10-19,4.58
2005-10-20,4.578
2005-10-21,4.5655
2005-10-24,4.599
2005-10-25,4.6575
2005-10-26,4.69
2005-10-27,4.672
2005-10-28,4.714
2005-10-31,4.718
2005-11-01,4.746
2005-11-02,4.766
2005-11-03,4.799
2005-11-04,4.81
2005-11-07,4.801
2005-11-08,4.78
2005-11-09,4.828
2005-11-10,4.797
2005-11-11,4.797
2005-11-14,4.837
2005-11-15,4.829
2005-11-16,4.789
2005-11-17,4.771
2005-11-18,4.8
2005-11-21,4.7865
2005-11-22,4.722
2005-11-23,4.746
2005-11-24,4.746
2005-11-25,4.733
2005-11-28,4.736
2005-11-29,4.79
2005-11-30,4.819
2005-12-01,4.852
2005-12-02,4.841
2005-12-05,4.872
2005-12-06,4.8165
2005-12-07,4.834
2005-12-08,4.796
2005-12-09,4.846
2005-12-12,4.864
2005-12-13,4.8375
2005-12-14,4.803
2005-12-15,4.818
2005-12-16,4.809
2005-12-19,4.822
2005-12-20,4.846
2005-12-21,4.869
2005-12-22,4.851
2005-12-23,4.8275
2005-12-26,4.827
2005-12-27,4.81
2005-12-28,4.8185
2005-12-29,4.836
2005-12-30,4.847
2006-01-02,4.847
2006-01-03,4.808
2006-01-04,4.7855
2006-01-05,4.7855
2006-01-06,4.8055
2006-01-09,4.804
2006-01-10,4.8465
2006-01-11,4.865
2006-01-12,4.839
2006-01-13,4.808
2006-01-16,4.808
2006-01-17,4.808
2006-01-18,4.804
2006-01-19,4.84
2006-01-20,4.821
2006-01-23,4.831
2006-01-24,4.8455
2006-01-25,4.8945
2006-01-26,4.916
2006-01-27,4.935
2006-01-30,4.949
2006-01-31,4.95
2006-02-01,4.998
2006-02-02,5.001
2006-02-03,5.011
2006-02-06,5.046
2006-02-07,5.0395
2006-02-08,5.063
2006-02-09,5.077
2006-02-10,5.097
2006-02-13,5.086
2006-02-14,5.1005
2006-02-15,5.101
2006-02-16,5.1035
2006-02-17,5.096
2006-02-20,5.091
2006-02-21,5.122
2006-02-22,5.115
2006-02-23,5.1405
2006-02-24,5.141
2006-02-27,5.147
2006-02-28,5.117
2006-03-01,5.138
2006-03-02,5.153
2006-03-03,5.168
2006-03-06,5.188
2006-03-07,5.197
2006-03-08,5.187
2006-03-09,5.193
2006-03-10,5.2195
2006-03-13,5.2295
2006-03-14,5.1555
2006-03-15,5.176
2006-03-16,5.114
2006-03-17,5.124
2006-03-20,5.127
2006-03-21,5.184
2006-03-22,5.193
2006-03-23,5.214
2006-03-24,5.164
2006-03-27,5.17
2006-03-28,5.235
2006-03-29,5.242
2006-03-30,5.288
2006-03-31,5.286
2006-04-03,5.311
2006-04-04,5.292
2006-04-05,5.264
2006-04-06,5.2955
2006-04-07,5.348
2006-04-10,5.341
2006-04-11,5.327
2006-04-12,5.3555
2006-04-13,5.376
2006-04-14,5.376
2006-04-17,5.3465
2006-04-18,5.29
2006-04-19,5.303
2006-04-20,5.323
2006-04-21,5.347
2006-04-24,5.332
2006-04-25,5.3795
2006-04-26,5.4105
2006-04-27,5.3455
2006-04-28,5.31
2006-05-01,5.3825
2006-05-02,5.3705
2006-05-03,5.393
2006-05-04,5.4155
2006-05-05,5.381
2006-05-08,5.3995
2006-05-09,5.406
2006-05-10,5.411
2006-05-11,5.4055
2006-05-12,5.406
2006-05-15,5.395
2006-05-16,5.3715
2006-05-17,5.397
2006-05-18,5.39
2006-05-19,5.425
2006-05-22,5.417
2006-05-23,5.398
2006-05-24,5.406
2006-05-25,5.422
2006-05-26,5.409
2006-05-29,5.409
2006-05-30,5.409
2006-05-31,5.4835
2006-06-01,5.4865
2006-06-02,5.3925
2006-06-05,5.4415
2006-06-06,5.4675
2006-06-07,5.4855
2006-06-08,5.4905
2006-06-09,5.491
2006-06-12,5.4985
2006-06-13,5.502
2006-06-14,5.5865
2006-06-15,5.627
2006-06-16,5.649
2006-06-19,5.662
2006-06-20,5.673
2006-06-21,5.6805
2006-06-22,5.727
2006-06-23,5.746
2006-06-26,5.751
2006-06-27,5.738
2006-06-28,5.757
2006-06-29,5.695
2006-06-30,5.664
2006-07-03,5.685
2006-07-04,5.685
2006-07-05,5.7475
2006-07-06,5.737
2006-07-07,5.705
2006-07-10,5.7045
2006-07-11,5.69
2006-07-12,5.689
2006-07-13,5.658
2006-07-14,5.639
2006-07-17,5.6445
2006-07-18,5.699
2006-07-19,5.646
2006-07-20,5.601
2006-07-21,5.6135
2006-07-24,5.611
2006-07-25,5.632
2006-07-26,5.591
2006-07-27,5.591
2006-07-28,5.528
2006-07-31,5.524
2006-08-01,5.53
2006-08-02,5.538
2006-08-03,5.5695
2006-08-04,5.507
2006-08-07,5.514
2006-08-08,5.4855
2006-08-09,5.486
2006-08-10,5.499
2006-08-11,5.526
2006-08-14,5.57
2006-08-15,5.523
2006-08-16,5.468
2006-08-17,5.486
2006-08-18,5.4745
2006-08-21,5.471
2006-08-22,5.472
2006-08-23,5.4665
2006-08-24,5.465
2006-08-25,5.445
2006-08-28,5.457
2006-08-29,5.432
2006-08-30,5.413
2006-08-31,5.3825
2006-09-01,5.371
2006-09-04,5.371
2006-09-05,5.39
2006-09-06,5.398
2006-09-07,5.3985
2006-09-08,5.399
2006-09-11,5.418
2006-09-12,5.408
2006-09-13,5.396
2006-09-14,5.428
2006-09-15,5.447
2006-09-18,5.457
2006-09-19,5.403
2006-09-20,5.41
2006-09-21,5.3235
2006-09-22,5.3
2006-09-25,5.2735
2006-09-26,5.305
2006-09-27,5.303
2006-09-28,5.3035
2006-09-29,5.314
2006-10-02,5.285
2006-10-03,5.286
2006-10-04,5.232
2006-10-05,5.276
2006-10-06,5.331
2006-10-09,5.331
2006-10-10,5.375
2006-10-11,5.397
2006-10-12,5.396
2006-10-13,5.406
2006-10-16,5.397
2006-10-17,5.3945
2006-10-18,5.3865
2006-10-19,5.4045
2006-10-20,5.404
2006-10-23,5.434
2006-10-24,5.4385
2006-10-25,5.408
2006-10-26,5.3695
2006-10-27,5.34
2006-10-30,5.34
2006-10-31,5.2985
2006-11-01,5.251
2006-11-02,5.271
2006-11-03,5.374
2006-11-06,5.372
2006-11-07,5.34
2006-11-08,5.326
2006-11-09,5.325
2006-11-10,5.306
2006-11-13,5.331
2006-11-14,5.3075
2006-11-15,5.346
2006-11-16,5.3625
2006-11-17,5.308
2006-11-20,5.308
2006-11-21,5.298
2006-11-22,5.294
2006-11-23,5.294
2006-11-24,5.279
2006-11-27,5.2635
2006-11-28,5.243
2006-11-29,5.2505
2006-11-30,5.209
2006-12-01,5.125
2006-12-04,5.117
2006-12-05,5.1215
2006-12-06,5.171
2006-12-07,5.181
2006-12-08,5.256
2006-12-11,5.262
2006-12-12,5.233
2006-12-13,5.286
2006-12-14,5.306
2006-12-15,5.301
2006-12-18,5.297
2006-12-19,5.2915
2006-12-20,5.296
2006-12-21,5.259
2006-12-22,5.292
2006-12-25,5.292
2006-12-26,5.2905
2006-12-27,5.32
2006-12-28,5.336
2006-12-29,5.341
2007-01-01,5.341
2007-01-02,5.321
2007-01-03,5.293
2007-01-04,5.26
2007-01-05,5.293
2007-01-08,5.32
2007-01-09,5.3335
2007-01-10,5.3455
2007-01-11,5.369
2007-01-12,5.381
2007-01-15,5.381
2007-01-16,5.3815
2007-01-17,5.404
2007-01-18,5.384
2007-01-19,5.405
2007-01-22,5.401
2007-01-23,5.417
2007-01-24,5.413
2007-01-25,5.439
2007-01-26,5.4315
2007-01-29,5.442
2007-01-30,5.432
2007-01-31,5.418
2007-02-01,5.4315
2007-02-02,5.417
2007-02-05,5.41
2007-02-06,5.4035
2007-02-07,5.3975
2007-02-08,5.392
2007-02-09,5.413
2007-02-12,5.4275
2007-02-13,5.429
2007-02-14,5.388
2007-02-15,5.364
2007-02-16,5.365
2007-02-19,5.365
2007-02-20,5.3565
2007-02-21,5.371
2007-02-22,5.3915
2007-02-23,5.367
2007-02-26,5.3355
2007-02-27,5.217
2007-02-28,5.2545
2007-03-01,5.2305
2007-03-02,5.18
2007-03-05,5.1665
2007-03-06,5.194
2007-03-07,5.152
2007-03-08,5.184
2007-03-09,5.277
2007-03-12,5.2525
2007-03-13,5.174
2007-03-14,5.2125
2007-03-15,5.222
2007-03-16,5.246
2007-03-19,5.262
2007-03-20,5.2565
2007-03-21,5.1935
2007-03-22,5.2395
2007-03-23,5.254
2007-03-26,5.238
2007-03-27,5.229
2007-03-28,5.2205
2007-03-29,5.246
2007-03-30,5.241
2007-04-02,5.241
2007-04-03,5.264
2007-04-04,5.253
2007-04-05,5.269
2007-04-06,5.34
2007-04-09,5.349
2007-04-10,5.332
2007-04-11,5.341
2007-04-12,5.347
2007-04-13,5.3665
2007-04-16,5.351
2007-04-17,5.314
2007-04-18,5.291
2007-04-19,5.289
2007-04-20,5.301
2007-04-23,5.287
2007-04-24,5.26
2007-04-25,5.286
2007-04-26,5.319
2007-04-27,5.321
2007-04-30,5.284
2007-05-01,5.306
2007-05-02,5.3095
2007-05-03,5.333
2007-05-04,5.319
2007-05-07,5.3255
2007-05-08,5.324
2007-05-09,5.349
2007-05-10,5.326
2007-05-11,5.3395
2007-05-14,5.342
2007-05-15,5.346
2007-05-16,5.337
2007-05-17,5.3625
2007-05-18,5.382
2007-05-21,5.372
2007-05-22,5.388
2007-05-23,5.394
2007-05-24,5.3895
2007-05-25,5.3955
2007-05-28,5.393
2007-05-29,5.4
2007-05-30,5.4075
2007-05-31,5.434
2007-06-01,5.4635
2007-06-04,5.458
2007-06-05,5.466
2007-06-06,5.449
2007-06-07,5.478
2007-06-08,5.467
2007-06-11,5.478
2007-06-12,5.517
2007-06-13,5.507
2007-06-14,5.512
2007-06-15,5.487
2007-06-18,5.472
2007-06-19,5.447
2007-06-20,5.47
2007-06-21,5.466
2007-06-22,5.4225
2007-06-25,5.4075
2007-06-26,5.408
2007-06-27,5.402
2007-06-28,5.45
2007-06-29,5.4115
2007-07-02,5.401
2007-07-03,5.421
2007-07-04,5.425
2007-07-05,5.472
2007-07-06,5.475
2007-07-09,5.466
2007-07-10,5.415
2007-07-11,5.44
2007-07-12,5.454
2007-07-13,5.45
2007-07-16,5.4255
2007-07-17,5.431
2007-07-18,5.422
2007-07-19,5.4145
2007-07-20,5.38
2007-07-23,5.395
2007-07-24,5.37
2007-07-25,5.362
2007-07-26,5.25
2007-07-27,5.231
2007-07-30,5.236
2007-07-31,5.228
2007-08-01,5.207
2007-08-02,5.211
2007-08-03,5.137
2007-08-06,5.148
2007-08-07,5.192
2007-08-08,5.254
2007-08-09,5.133
2007-08-10,5.119
2007-08-13,5.139
2007-08-14,5.107
2007-08-15,5.045
2007-08-16,4.894
2007-08-17,4.965
2007-08-20,4.931
2007-08-21,4.9065
2007-08-22,4.958
2007-08-23,5.0755
2007-08-24,5.1095
2007-08-27,5.079
2007-08-28,4.975
2007-08-29,5.053
2007-08-30,5.013
2007-08-31,5.0615
2007-09-03,5.077
2007-09-04,5.106
2007-09-05,5.009
2007-09-06,5.039
2007-09-07,4.897
2007-09-10,4.8875
2007-09-11,4.989
2007-09-12,5.006
2007-09-13,5.005
2007-09-14,4.969
2007-09-17,4.99
2007-09-18,4.849
2007-09-19,4.754
2007-09-20,4.833
2007-09-21,4.793
2007-09-24,4.841
2007-09-25,4.836
2007-09-26,4.807
2007-09-27,4.7795
2007-09-28,4.8285
2007-10-01,4.856
2007-10-02,4.857
2007-10-03,4.911
2007-10-04,4.879
2007-10-05,4.957
2007-10-08,4.957
2007-10-09,4.995
2007-10-10,4.986
2007-10-11,4.907
2007-10-12,4.9685
2007-10-15,4.954
2007-10-16,4.903
2007-10-17,4.821
2007-10-18,4.759
2007-10-19,4.658
2007-10-22,4.689
2007-10-23,4.653
2007-10-24,4.582
2007-10-25,4.587
2007-10-26,4.577
2007-10-29,4.592
2007-10-30,4.582
2007-10-31,4.675
2007-11-01,4.5735
2007-11-02,4.541
2007-11-05,4.584
2007-11-06,4.5785
2007-11-07,4.528
2007-11-08,4.445
2007-11-09,4.396
2007-11-12,4.396
2007-11-13,4.47
2007-11-14,4.452
2007-11-15,4.383
2007-11-16,4.421
2007-11-19,4.403
2007-11-20,4.437
2007-11-21,4.282
2007-11-22,4.282
2007-11-23,4.316
2007-11-26,4.2085
2007-11-27,4.324
2007-11-28,4.354
2007-11-29,4.285
2007-11-30,4.254
2007-12-03,4.259
2007-12-04,4.26
2007-12-05,4.291
2007-12-06,4.346
2007-12-07,4.411
2007-12-10,4.44
2007-12-11,4.364
2007-12-12,4.357
2007-12-13,4.4
2007-12-14,4.4365
2007-12-17,4.368
2007-12-18,4.328
2007-12-19,4.239
2007-12-20,4.237
2007-12-21,4.253
2007-12-24,4.25
2007-12-25,4.25
2007-12-26,4.279
2007-12-27,4.246
2007-12-28,4.1245
2007-12-31,4.072
2008-01-01,4.072
2008-01-02,3.972
2008-01-03,3.937
2008-01-04,3.861
2008-01-07,3.824
2008-01-08,3.763
2008-01-09,3.746
2008-01-10,3.658
2008-01-11,3.467
2008-01-14,3.379
2008-01-15,3.336
2008-01-16,3.393
2008-01-17,3.278
2008-01-18,3.214
2008-01-21,3.214
2008-01-22,2.832
2008-01-23,2.85
2008-01-24,2.988
2008-01-25,2.877
2008-01-28,2.824
2008-01-29,2.893
2008-01-30,2.782
2008-01-31,2.687
2008-02-01,2.759
2008-02-04,2.7785
2008-02-05,2.648
2008-02-06,2.646
2008-02-07,2.7155
2008-02-08,2.629
2008-02-11,2.617
2008-02-12,2.617
2008-02-13,2.638
2008-02-14,2.641
2008-02-15,2.634
2008-02-18,2.627
2008-02-19,2.774
2008-02-20,2.8015
2008-02-21,2.7085
2008-02-22,2.791
2008-02-25,2.8325
2008-02-26,2.743
2008-02-27,2.703
2008-02-28,2.622
2008-02-29,2.503
2008-03-03,2.557
2008-03-04,2.591
2008-03-05,2.63
2008-03-06,2.535
2008-03-07,2.472
2008-03-10,2.4395
2008-03-11,2.536
2008-03-12,2.457
2008-03-13,2.418
2008-03-14,2.2645
2008-03-17,2.1055
2008-03-18,2.2625
2008-03-19,2.2095
2008-03-20,2.221
2008-03-21,2.23
2008-03-24,2.441
2008-03-25,2.411
2008-03-26,2.3485
2008-03-27,2.379
2008-03-28,2.357
2008-03-31,2.314
2008-04-01,2.445
2008-04-02,2.532
2008-04-03,2.5385
2008-04-04,2.444
2008-04-07,2.4965
2008-04-08,2.5175
2008-04-09,2.475
2008-04-10,2.527
2008-04-11,2.466
2008-04-14,2.518
2008-04-15,2.612
2008-04-16,2.727
2008-04-17,2.8895
2008-04-18,2.894
2008-04-21,2.9415
2008-04-22,2.954
2008-04-23,2.955
2008-04-24,3.025
2008-04-25,3.051
2008-04-28,2.975
2008-04-29,2.954
2008-04-30,2.842
2008-05-01,2.872
2008-05-02,2.876
2008-05-05,2.877
2008-05-06,2.865
2008-05-07,2.802
2008-05-08,2.728
2008-05-09,2.771
2008-05-12,2.814
2008-05-13,2.965
2008-05-14,2.998
2008-05-15,2.9
2008-05-16,2.887
2008-05-19,2.84
2008-05-20,2.786
2008-05-21,2.832
2008-05-22,2.922
2008-05-23,2.914
2008-05-26,2.902
2008-05-27,2.942
2008-05-28,3.001
2008-05-29,3.026
2008-05-30,3.01
2008-06-02,2.934
2008-06-03,2.903
2008-06-04,2.954
2008-06-05,2.99
2008-06-06,2.954
2008-06-09,3.209
2008-06-10,3.398
2008-06-11,3.296
2008-06-12,3.472
2008-06-13,3.482
2008-06-16,3.516
2008-06-17,3.378
2008-06-18,3.32
2008-06-19,3.367
2008-06-20,3.345
2008-06-23,3.3675
2008-06-24,3.306
2008-06-25,3.2585
2008-06-26,3.178
2008-06-27,3.113
2008-06-30,3.125
2008-07-01,3.1475
2008-07-02,3.129
2008-07-03,3.11
2008-07-04,3.099
2008-07-07,3.034
2008-07-08,3.035
2008-07-09,3.003
2008-07-10,3.0285
2008-07-11,3.0895
2008-07-14,3.015
2008-07-15,2.964
2008-07-16,3.013
2008-07-17,3.0685
2008-07-18,3.158
2008-07-21,3.128
2008-07-22,3.193
2008-07-23,3.212
2008-07-24,3.075
2008-07-25,3.147
2008-07-28,3.065
2008-07-29,3.092
2008-07-30,3.059
2008-07-31,3.017
2008-08-01,3.052
2008-08-04,3.092
2008-08-05,3.079
2008-08-06,3.091
2008-08-07,3.005
2008-08-08,3.043
2008-08-11,3.075
2008-08-12,2.999
2008-08-13,3.035
2008-08-14,3.032
2008-08-15,3.051
2008-08-18,3.05
2008-08-19,3.007
2008-08-20,2.969
2008-08-21,2.988
2008-08-22,3.063
2008-08-25,3.007
2008-08-26,3.002
2008-08-27,2.961
2008-08-28,2.982
2008-08-29,2.996
2008-09-01,2.984
2008-09-02,2.946
2008-09-03,2.946
2008-09-04,2.904
2008-09-05,2.968
2008-09-08,2.909
2008-09-09,2.867
2008-09-10,2.878
2008-09-11,2.885
2008-09-12,2.915
2008-09-15,2.718
2008-09-16,2.75
2008-09-17,2.904
2008-09-18,3.072
2008-09-19,3.163
2008-09-22,3.163
2008-09-23,3.277
2008-09-24,3.471
2008-09-25,3.389
2008-09-26,3.307
2008-09-29,3.108
2008-09-30,3.356
2008-10-01,3.281
2008-10-02,3.25
2008-10-03,3.078
2008-10-06,2.848
2008-10-07,2.837
2008-10-08,3.001
2008-10-09,3.056
2008-10-10,3.08
2008-10-13,2.956
2008-10-14,2.998
2008-10-15,2.962
2008-10-16,2.996
2008-10-17,2.828
2008-10-20,2.7815
2008-10-21,2.659
2008-10-22,2.591
2008-10-23,2.7445
2008-10-24,2.784
2008-10-27,2.7485
2008-10-28,2.653
2008-10-29,2.5465
2008-10-30,2.5635
2008-10-31,2.5615
2008-11-03,2.434
2008-11-04,2.276
2008-11-05,2.1735
2008-11-06,2.1175
2008-11-07,2.1065
2008-11-10,2.002
2008-11-11,1.969
2008-11-12,1.9855
2008-11-13,2.1665
2008-11-14,2.22
2008-11-17,2.0985
2008-11-18,2.06
2008-11-19,1.996
2008-11-20,1.899
2008-11-21,2.011
2008-11-24,2.151
2008-11-25,2.032
2008-11-26,2.044
2008-11-27,2.021
2008-11-28,2.034
2008-12-01,1.982
2008-12-02,1.914
2008-12-03,1.9055
2008-12-04,1.932
2008-12-05,2.061
2008-12-08,1.9925
2008-12-09,1.8835
2008-12-10,1.799
2008-12-11,1.674
2008-12-12,1.6975
2008-12-15,1.645
2008-12-16,1.403
2008-12-17,1.38
2008-12-18,1.366
2008-12-19,1.343
2008-12-22,1.391
2008-12-23,1.353
2008-12-24,1.35
2008-12-25,1.35
2008-12-26,1.334
2008-12-29,1.2435
2008-12-30,1.239
2008-12-31,1.283
2009-01-01,1.289
2009-01-02,1.364
2009-01-05,1.2805
2009-01-06,1.2445
2009-01-07,1.219
2009-01-08,1.1705
2009-01-09,1.051
2009-01-12,0.974
2009-01-13,0.9775
2009-01-14,1.0105
2009-01-15,1.123
2009-01-16,1.072
2009-01-19,1.082
2009-01-20,1.0525
2009-01-21,1.1435
2009-01-22,1.1505
2009-01-23,1.1955
2009-01-26,1.231
2009-01-27,1.167
2009-01-28,1.1675
2009-01-29,1.223
2009-01-30,1.32
2009-02-02,1.347
2009-02-03,1.3505
2009-02-04,1.35
2009-02-05,1.306
2009-02-06,1.236
2009-02-09,1.259
2009-02-10,1.298
2009-02-11,1.2895
2009-02-12,1.2995
2009-02-13,1.363
2009-02-16,1.358
2009-02-17,1.3415
2009-02-18,1.351
2009-02-19,1.352
2009-02-20,1.3155
2009-02-23,1.28
2009-02-24,1.331
2009-02-25,1.389
2009-02-26,1.386
2009-02-27,1.3655
2009-03-02,1.332
2009-03-03,1.33
2009-03-04,1.383
2009-03-05,1.388
2009-03-06,1.48
2009-03-09,1.541
2009-03-10,1.523
2009-03-11,1.4825
2009-03-12,1.4585
2009-03-13,1.448
2009-03-16,1.469
2009-03-17,1.4475
2009-03-18,1.26
2009-03-19,1.272
2009-03-20,1.297
2009-03-23,1.2745
2009-03-24,1.287
2009-03-25,1.319
2009-03-26,1.273
2009-03-27,1.234
2009-03-30,1.207
2009-03-31,1.1775
2009-04-01,1.185
2009-04-02,1.207
2009-04-03,1.242
2009-04-06,1.253
2009-04-07,1.223
2009-04-08,1.208
2009-04-09,1.206
2009-04-10,1.1737
2009-04-13,1.188
2009-04-14,1.16
2009-04-15,1.146
2009-04-16,1.18
2009-04-17,1.229
2009-04-20,1.221
2009-04-21,1.2675
2009-04-22,1.249
2009-04-23,1.209
2009-04-24,1.191
2009-04-27,1.129
2009-04-28,1.1535
2009-04-29,1.129
2009-04-30,1.1005
2009-05-01,1.114
2009-05-04,1.1155
2009-05-05,1.078
2009-05-06,1.052
2009-05-07,1.025
2009-05-08,1.012
2009-05-11,0.981
2009-05-12,0.9665
2009-05-13,0.94
2009-05-14,0.92
2009-05-15,0.89
2009-05-18,0.8695
2009-05-19,0.816
2009-05-20,0.769
2009-05-21,0.818
2009-05-22,0.842
2009-05-25,0.8097
2009-05-26,0.903
2009-05-27,0.9035
2009-05-28,0.874
2009-05-29,0.844
2009-06-01,0.905
2009-06-02,0.861
2009-06-03,0.823
2009-06-04,0.8955
2009-06-05,1.129
2009-06-08,1.176
2009-06-09,1.051
2009-06-10,1.068
2009-06-11,1.023
2009-06-12,0.99
2009-06-15,0.958
2009-06-16,0.9515
2009-06-17,0.9605
2009-06-18,1.0405
2009-06-19,0.98
2009-06-22,0.935
2009-06-23,0.9
2009-06-24,0.915
2009-06-25,0.86
2009-06-26,0.88
2009-06-29,0.87
2009-06-30,0.881
2009-07-01,0.849
2009-07-02,0.808
2009-07-03,0.795
2009-07-06,0.777
2009-07-07,0.783
2009-07-08,0.744
2009-07-09,0.739
2009-07-10,0.742
2009-07-13,0.776
2009-07-14,0.802
2009-07-15,0.822
2009-07-16,0.799
2009-07-17,0.792
2009-07-20,0.779
2009-07-21,0.748
2009-07-22,0.76
2009-07-23,0.801
2009-07-24,0.788
2009-07-27,0.783
2009-07-28,0.795
2009-07-29,0.812
2009-07-30,0.813
2009-07-31,0.786
2009-08-03,0.832
2009-08-04,0.824
2009-08-05,0.865
2009-08-06,0.862
2009-08-07,0.924
2009-08-10,0.869
2009-08-11,0.814
2009-08-12,0.765
2009-08-13,0.7375
2009-08-14,0.734
2009-08-17,0.734
2009-08-18,0.742
2009-08-19,0.713
2009-08-20,0.6995
2009-08-21,0.75
2009-08-24,0.689
2009-08-25,0.68
2009-08-26,0.684
2009-08-27,0.659
2009-08-28,0.638
2009-08-31,0.628
2009-09-01,0.607
2009-09-02,0.604
2009-09-03,0.612
2009-09-04,0.624
2009-09-07,0.5985
2009-09-08,0.592
2009-09-09,0.579
2009-09-10,0.572
2009-09-11,0.5865
2009-09-14,0.605
2009-09-15,0.617
2009-09-16,0.625
2009-09-17,0.612
2009-09-18,0.663
2009-09-21,0.632
2009-09-22,0.61
2009-09-23,0.574
2009-09-24,0.5805
2009-09-25,0.632
2009-09-28,0.613
2009-09-29,0.628
2009-09-30,0.6085
2009-10-01,0.573
2009-10-02,0.584
2009-10-05,0.582
2009-10-06,0.594
2009-10-07,0.5855
2009-10-08,0.593
2009-10-09,0.604
2009-10-12,0.6368
2009-10-13,0.608
2009-10-14,0.608
2009-10-15,0.628
2009-10-16,0.6385
2009-10-19,0.631
2009-10-20,0.6135
2009-10-21,0.629
2009-10-22,0.616
2009-10-23,0.656
2009-10-26,0.665
2009-10-27,0.603
2009-10-28,0.588
2009-10-29,0.6128
2009-10-30,0.587
2009-11-02,0.5935
2009-11-03,0.5965
2009-11-04,0.575
2009-11-05,0.554
2009-11-06,0.5265
2009-11-09,0.5265
2009-11-10,0.5095
2009-11-11,0.491
2009-11-12,0.486
2009-11-13,0.4915
2009-11-16,0.466
2009-11-17,0.4645
2009-11-18,0.445
2009-11-19,0.4358
2009-11-20,0.44
2009-11-23,0.4465
2009-11-24,0.439
2009-11-25,0.4645
2009-11-26,0.4433
2009-11-27,0.4775
2009-11-30,0.463
2009-12-01,0.465
2009-12-02,0.508
2009-12-03,0.509
2009-12-04,0.581
2009-12-07,0.5325
2009-12-08,0.511
2009-12-09,0.516
2009-12-10,0.5335
2009-12-11,0.5465
2009-12-14,0.57
2009-12-15,0.584
2009-12-16,0.5695
2009-12-17,0.516
2009-12-18,0.5245
2009-12-21,0.551
2009-12-22,0.564
2009-12-23,0.5865
2009-12-24,0.625
2009-12-25,0.6248
2009-12-28,0.659
2009-12-29,0.6565
2009-12-30,0.645
2009-12-31,0.673
2010-01-01,0.6736
2010-01-04,0.622
2010-01-05,0.598
2010-01-06,0.575
2010-01-07,0.579
2010-01-08,0.54
2010-01-11,0.527
2010-01-12,0.506
2010-01-13,0.544
2010-01-14,0.519
2010-01-15,0.493
2010-01-18,0.495
2010-01-19,0.501
2010-01-20,0.5
2010-01-21,0.4863
2010-01-22,0.495
2010-01-25,0.487
2010-01-26,0.482
2010-01-27,0.5158
2010-01-28,0.49
2010-01-29,0.487
2010-02-01,0.504
2010-02-02,0.509
2010-02-03,0.525
2010-02-04,0.497
2010-02-05,0.491
2010-02-08,0.508
2010-02-09,0.5205
2010-02-10,0.5425
2010-02-11,0.54
2010-02-12,0.552
2010-02-15,0.5231
2010-02-16,0.499
2010-02-17,0.511
2010-02-18,0.555
2010-02-19,0.549
2010-02-22,0.522
2010-02-23,0.497
2010-02-24,0.482
2010-02-25,0.464
2010-02-26,0.468
2010-03-01,0.46
2010-03-02,0.452
2010-03-03,0.458
2010-03-04,0.495
2010-03-05,0.513
2010-03-08,0.509
2010-03-09,0.488
2010-03-10,0.5075
2010-03-11,0.536
2010-03-12,0.539
2010-03-15,0.5205
2010-03-16,0.494
2010-03-17,0.49
2010-03-18,0.539
2010-03-19,0.575
2010-03-22,0.55
2010-03-23,0.548
2010-03-24,0.582
2010-03-25,0.5735
2010-03-26,0.566
2010-03-29,0.565
2010-03-30,0.573
2010-03-31,0.556
2010-04-01,0.5705
2010-04-02,0.588
2010-04-05,0.6215
2010-04-06,0.592
2010-04-07,0.5533
2010-04-08,0.5545
2010-04-09,0.5636
2010-04-12,0.5569
2010-04-13,0.567
2010-04-14,0.565
2010-04-15,0.552
2010-04-16,0.524
2010-04-19,0.53
2010-04-20,0.5585
2010-04-21,0.569
2010-04-22,0.6048
2010-04-23,0.629
2010-04-26,0.6325
2010-04-27,0.6395
2010-04-28,0.629
2010-04-29,0.6296
2010-04-30,0.6585
2010-05-03,0.6865
2010-05-04,0.6931
2010-05-05,0.6955
2010-05-06,0.7581
2010-05-07,0.761
2010-05-10,0.687
2010-05-11,0.696
2010-05-12,0.6738
2010-05-13,0.703
2010-05-14,0.742
2010-05-17,0.7454
2010-05-18,0.7689
2010-05-19,0.767
2010-05-20,0.803
2010-05-21,0.85
2010-05-24,0.93
2010-05-25,0.94
2010-05-26,0.951
2010-05-27,0.877
2010-05-28,0.8615
2010-06-01,0.856
2010-06-02,0.847
2010-06-03,0.827
2010-06-04,0.831
2010-06-07,0.834
2010-06-08,0.79
2010-06-09,0.768
2010-06-10,0.758
2010-06-11,0.755
2010-06-14,0.754
2010-06-15,0.762
2010-06-16,0.753
2010-06-17,0.753
2010-06-18,0.7436
2010-06-21,0.729
2010-06-22,0.741
2010-06-23,0.773
2010-06-24,0.794
2010-06-25,0.747
2010-06-28,0.722
2010-06-29,0.723
2010-06-30,0.723
2010-07-01,0.723
2010-07-02,0.7175
2010-07-05,0.6935
2010-07-06,0.691
2010-07-07,0.672
2010-07-08,0.648
2010-07-09,0.643
2010-07-12,0.654
2010-07-13,0.651
2010-07-14,0.6279
2010-07-15,0.617
2010-07-16,0.591
2010-07-19,0.573
2010-07-20,0.556
2010-07-21,0.551
2010-07-22,0.53
2010-07-23,0.556
2010-07-26,0.548
2010-07-27,0.545
2010-07-28,0.517
2010-07-29,0.505
2010-07-30,0.486
2010-08-02,0.4817
2010-08-03,0.464
2010-08-04,0.491
2010-08-05,0.474
2010-08-06,0.474
2010-08-09,0.486
2010-08-10,0.465
2010-08-11,0.447
2010-08-12,0.487
2010-08-13,0.491
2010-08-16,0.46
2010-08-17,0.4494
2010-08-18,0.431
2010-08-19,0.433
2010-08-20,0.4226
2010-08-23,0.398
2010-08-24,0.428
2010-08-25,0.468
2010-08-26,0.458
2010-08-27,0.449
2010-08-30,0.427
2010-08-31,0.429
2010-09-01,0.445
2010-09-02,0.442
2010-09-03,0.4375
2010-09-07,0.449
2010-09-08,0.482
2010-09-09,0.484
2010-09-10,0.489
2010-09-13,0.452
2010-09-14,0.441
2010-09-15,0.44
2010-09-16,0.433
2010-09-17,0.446
2010-09-20,0.438
2010-09-21,0.399
2010-09-22,0.407
2010-09-23,0.405
2010-09-24,0.4156
2010-09-27,0.407
2010-09-28,0.4069
2010-09-29,0.404
2010-09-30,0.403
2010-10-01,0.416
2010-10-04,0.409
2010-10-05,0.398
2010-10-06,0.375
2010-10-07,0.365
2010-10-08,0.37
2010-10-12,0.372
2010-10-13,0.364
2010-10-14,0.391
2010-10-15,0.388
2010-10-18,0.406
2010-10-19,0.406
2010-10-20,0.388
2010-10-21,0.39
2010-10-22,0.3855
2010-10-25,0.3772
2010-10-26,0.398
2010-10-27,0.403
2010-10-28,0.373
2010-10-29,0.367
2010-11-01,0.382
2010-11-02,0.3836
2010-11-03,0.367
2010-11-04,0.365
2010-11-05,0.407
2010-11-08,0.431
2010-11-09,0.443
2010-11-10,0.45
2010-11-11,0.451
2010-11-12,0.472
2010-11-15,0.458
2010-11-16,0.4525
2010-11-17,0.4318
2010-11-18,0.425
2010-11-19,0.433
2010-11-22,0.435
2010-11-23,0.452
2010-11-24,0.518
2010-11-25,0.518
2010-11-26,0.5384
2010-11-29,0.528
2010-11-30,0.5625
2010-12-01,0.547
2010-12-02,0.513
2010-12-03,0.4627
2010-12-06,0.458
2010-12-07,0.485
2010-12-08,0.519
2010-12-09,0.496
2010-12-10,0.5258
2010-12-13,0.485
2010-12-14,0.5045
2010-12-15,0.551
2010-12-16,0.5185
2010-12-17,0.4877
2010-12-20,0.4892
2010-12-21,0.481
2010-12-22,0.4925
2010-12-23,0.5108
2010-12-27,0.49
2010-12-28,0.511
2010-12-29,0.4595
2010-12-30,0.4606
2010-12-31,0.4492
2011-01-03,0.451
2011-01-04,0.4495
2011-01-05,0.493
2011-01-06,0.501
2011-01-07,0.485
2011-01-10,0.478
2011-01-11,0.479
2011-01-12,0.47
2011-01-13,0.4522
2011-01-14,0.454
2011-01-18,0.453
2011-01-19,0.445
2011-01-20,0.4625
2011-01-21,0.457
2011-01-24,0.452
2011-01-25,0.44
2011-01-26,0.4494
2011-01-27,0.427
2011-01-28,0.435
2011-01-31,0.4425
2011-02-01,0.453
2011-02-02,0.463
2011-02-03,0.469
2011-02-04,0.48
2011-02-07,0.4815
2011-02-08,0.501
2011-02-09,0.489
2011-02-10,0.503
2011-02-11,0.507
2011-02-14,0.504
2011-02-15,0.494
2011-02-16,0.492
2011-02-17,0.464
2011-02-18,0.4551
2011-02-22,0.448
2011-02-23,0.447
2011-02-24,0.438
2011-02-25,0.43
2011-02-28,0.418
2011-03-01,0.413
2011-03-02,0.4316
2011-03-03,0.45
2011-03-04,0.428
2011-03-07,0.434
2011-03-08,0.4414
2011-03-09,0.432
2011-03-10,0.425
2011-03-11,0.425
2011-03-14,0.415
2011-03-15,0.42
2011-03-16,0.42
2011-03-17,0.423
2011-03-18,0.417
2011-03-21,0.43
2011-03-22,0.4424
2011-03-23,0.451
2011-03-24,0.459
2011-03-25,0.476
2011-03-28,0.479
2011-03-29,0.486
2011-03-30,0.47
2011-03-31,0.4745
2011-04-01,0.4537
2011-04-04,0.4235
2011-04-05,0.449
2011-04-06,0.451
2011-04-07,0.4312
2011-04-08,0.4253
2011-04-11,0.434
2011-04-12,0.406
2011-04-13,0.399
2011-04-14,0.419
2011-04-15,0.394
2011-04-18,0.39
2011-04-19,0.391
2011-04-20,0.3947
2011-04-21,0.4
2011-04-25,0.3941
2011-04-26,0.391
2011-04-27,0.383
2011-04-28,0.382
2011-04-29,0.385
2011-05-02,0.3795
2011-05-03,0.3805
2011-05-04,0.369
2011-05-05,0.368
2011-05-06,0.367
2011-05-09,0.361
2011-05-10,0.3675
2011-05-11,0.357
2011-05-12,0.3585
2011-05-13,0.363
2011-05-16,0.3575
2011-05-17,0.3555
2011-05-18,0.377
2011-05-19,0.3585
2011-05-20,0.362
2011-05-23,0.3779
2011-05-24,0.3755
2011-05-25,0.377
2011-05-26,0.3645
2011-05-27,0.3562
2011-05-31,0.362
2011-06-01,0.36
2011-06-02,0.371
2011-06-03,0.359
2011-06-06,0.359
2011-06-07,0.36
2011-06-08,0.362
2011-06-09,0.366
2011-06-10,0.3626
2011-06-13,0.3595
2011-06-14,0.374
2011-06-15,0.4015
2011-06-16,0.428
2011-06-17,0.4135
2011-06-20,0.4142
2011-06-21,0.401
2011-06-22,0.3965
2011-06-23,0.416
2011-06-24,0.4535
2011-06-27,0.448
2011-06-28,0.4455
2011-06-29,0.411
2011-06-30,0.388
2011-07-01,0.4
2011-07-05,0.3985
2011-07-06,0.4085
2011-07-07,0.4065
2011-07-08,0.3967
2011-07-11,0.4345
2011-07-12,0.453
2011-07-13,0.4415
2011-07-14,0.435
2011-07-15,0.4695
2011-07-18,0.4725
2011-07-19,0.4705
2011-07-20,0.443
2011-07-21,0.4275
2011-07-22,0.4155
2011-07-25,0.428
2011-07-26,0.4295
2011-07-27,0.448
2011-07-28,0.451
2011-07-29,0.445
2011-08-01,0.4445
2011-08-02,0.466
2011-08-03,0.4575
2011-08-04,0.403
2011-08-05,0.397
2011-08-08,0.4395
2011-08-09,0.396
2011-08-10,0.411
2011-08-11,0.425
2011-08-12,0.441
2011-08-15,0.425
2011-08-16,0.4065
2011-08-17,0.4164
2011-08-18,0.438
2011-08-19,0.465
2011-08-22,0.5
2011-08-23,0.522
2011-08-24,0.48
2011-08-25,0.477
2011-08-26,0.4664
2011-08-29,0.4614
2011-08-30,0.4555
2011-08-31,0.4638
2011-09-01,0.465
2011-09-02,0.4995
2011-09-06,0.496
2011-09-07,0.483
2011-09-08,0.4755
2011-09-09,0.509
2011-09-12,0.515
2011-09-13,0.5135
2011-09-14,0.511
2011-09-15,0.467
2011-09-16,0.472
2011-09-19,0.4605
2011-09-20,0.4456
2011-09-21,0.494
2011-09-22,0.498
2011-09-23,0.483
2011-09-26,0.476
2011-09-27,0.4895
2011-09-28,0.5105
2011-09-29,0.5172
2011-09-30,0.5322
2011-10-03,0.5615
2011-10-04,0.575
2011-10-05,0.577
2011-10-06,0.5685
2011-10-07,0.5947
2011-10-10,0.588
2011-10-11,0.58
2011-10-12,0.557
2011-10-13,0.577
2011-10-14,0.563
2011-10-17,0.57
2011-10-18,0.566
2011-10-19,0.567
2011-10-20,0.57
2011-10-21,0.5805
2011-10-24,0.574
2011-10-25,0.568
2011-10-26,0.587
2011-10-27,0.553
2011-10-28,0.533
2011-10-31,0.531
2011-11-01,0.5514
2011-11-02,0.5425
2011-11-03,0.546
2011-11-04,0.552
2011-11-07,0.5614
2011-11-08,0.5696
2011-11-09,0.613
2011-11-10,0.6374
2011-11-11,0.63
2011-11-14,0.6475
2011-11-15,0.6635
2011-11-16,0.72
2011-11-17,0.741
2011-11-18,0.728
2011-11-21,0.7415
2011-11-22,0.735
2011-11-23,0.756
2011-11-24,0.7569
2011-11-25,0.768
2011-11-28,0.747
2011-11-29,0.7315
2011-11-30,0.615
2011-12-01,0.619
2011-12-02,0.6298
2011-12-05,0.6335
2011-12-06,0.6338
2011-12-07,0.626
2011-12-08,0.6185
2011-12-09,0.625
2011-12-12,0.638
2011-12-13,0.658
2011-12-14,0.6905
2011-12-15,0.681
2011-12-16,0.6845
2011-12-19,0.6965
2011-12-20,0.6865
2011-12-21,0.6955
2011-12-22,0.7055
2011-12-23,0.734
2011-12-27,0.7205
2011-12-28,0.7205
2011-12-29,0.7025
2011-12-30,0.6825
2012-01-03,0.693
2012-01-04,0.68
2012-01-05,0.678
2012-01-06,0.637
2012-01-09,0.611
2012-01-10,0.6085
2012-01-11,0.577
2012-01-12,0.548
2012-01-13,0.5475
2012-01-16,0.527
2012-01-17,0.5435
2012-01-18,0.559
2012-01-19,0.56
2012-01-20,0.5595
2012-01-23,0.545
2012-01-24,0.548
2012-01-25,0.533
2012-01-26,0.514
2012-01-27,0.521
2012-01-30,0.521
2012-01-31,0.496
2012-02-01,0.4835
2012-02-02,0.4675
2012-02-03,0.473
2012-02-06,0.493
2012-02-07,0.504
2012-02-08,0.489
2012-02-09,0.4825
2012-02-10,0.498
2012-02-13,0.518
2012-02-14,0.51
2012-02-15,0.5045
2012-02-16,0.5255
2012-02-17,0.5185
2012-02-20,0.528
2012-02-21,0.5235
2012-02-22,0.525
2012-02-23,0.5345
2012-02-24,0.5485
2012-02-27,0.5225
2012-02-28,0.5065
2012-02-29,0.4895
2012-03-01,0.4765
2012-03-02,0.4595
2012-03-05,0.4785
2012-03-06,0.4855
2012-03-07,0.4845
2012-03-08,0.4775
2012-03-09,0.4915
2012-03-12,0.4985
2012-03-13,0.5085
2012-03-14,0.5165
2012-03-15,0.508
2012-03-16,0.5015
2012-03-19,0.5075
2012-03-20,0.5265
2012-03-21,0.5165
2012-03-22,0.517
2012-03-23,0.5065
2012-03-26,0.4935
2012-03-27,0.479
2012-03-28,0.4845
2012-03-29,0.4965
2012-03-30,0.4965
2012-04-02,0.4945
2012-04-03,0.517
2012-04-04,0.5295
2012-04-05,0.539
2012-04-06,0.545
2012-04-09,0.5355
2012-04-10,0.542
2012-04-11,0.5255
2012-04-12,0.508
2012-04-13,0.5135
2012-04-16,0.5155
2012-04-17,0.5055
2012-04-18,0.5095
2012-04-19,0.5135
2012-04-20,0.514
2012-04-23,0.5225
2012-04-24,0.5205
2012-04-25,0.5075
2012-04-26,0.5105
2012-04-27,0.5045
2012-04-30,0.5015
2012-05-01,0.4985
2012-05-02,0.5015
2012-05-03,0.4975
2012-05-04,0.501
2012-05-07,0.5065
2012-05-08,0.522
2012-05-09,0.547
2012-05-10,0.5465
2012-05-11,0.5615
2012-05-14,0.5895
2012-05-15,0.604
2012-05-16,0.586
2012-05-17,0.5905
2012-05-18,0.5915
2012-05-21,0.5705
2012-05-22,0.5805
2012-05-23,0.5745
2012-05-24,0.576
2012-05-25,0.576
2012-05-29,0.5605
2012-05-30,0.565
2012-05-31,0.5665
2012-06-01,0.582
2012-06-04,0.5775
2012-06-05,0.5655
2012-06-06,0.5445
2012-06-07,0.5395
2012-06-08,0.5385
2012-06-11,0.5345
2012-06-12,0.5445
2012-06-13,0.5465
2012-06-14,0.5415
2012-06-15,0.5055
2012-06-18,0.5075
2012-06-19,0.4965
2012-06-20,0.5005
2012-06-21,0.5115
2012-06-22,0.4835
2012-06-25,0.4785
2012-06-26,0.4865
2012-06-27,0.4905
2012-06-28,0.5065
2012-06-29,0.5025
2012-07-02,0.5035
2012-07-03,0.499
2012-07-04,0.484
2012-07-05,0.4915
2012-07-06,0.4815
2012-07-09,0.4845
2012-07-10,0.4885
2012-07-11,0.4595
2012-07-12,0.4445
2012-07-13,0.4365
2012-07-16,0.4355
2012-07-17,0.4435
2012-07-18,0.4335
2012-07-19,0.4195
2012-07-20,0.4215
2012-07-23,0.4305
2012-07-24,0.4205
2012-07-25,0.4175
2012-07-26,0.417
2012-07-27,0.4085
2012-07-30,0.395
2012-07-31,0.393
2012-08-01,0.4045
2012-08-02,0.4095
2012-08-03,0.4135
2012-08-06,0.4085
2012-08-07,0.4185
2012-08-08,0.4235
2012-08-09,0.4305
2012-08-10,0.4265
2012-08-13,0.4255
2012-08-14,0.4245
2012-08-15,0.4315
2012-08-16,0.4325
2012-08-17,0.4363
2012-08-20,0.437
2012-08-21,0.4415
2012-08-22,0.415
2012-08-23,0.4095
2012-08-24,0.4095
2012-08-27,0.4065
2012-08-28,0.4005
2012-08-29,0.4065
2012-08-30,0.3955
2012-08-31,0.3805
2012-09-04,0.3755
2012-09-05,0.3795
2012-09-06,0.3905
2012-09-07,0.3785
2012-09-10,0.3705
2012-09-11,0.362
2012-09-12,0.363
2012-09-13,0.3485
2012-09-14,0.3465
2012-09-17,0.349
2012-09-18,0.3575
2012-09-19,0.3595
2012-09-20,0.3605
2012-09-21,0.353
2012-09-24,0.363
2012-09-25,0.3665
2012-09-26,0.3845
2012-09-27,0.3655
2012-09-28,0.3385
2012-10-01,0.3365
2012-10-02,0.3475
2012-10-03,0.3375
2012-10-04,0.3445
2012-10-05,0.3525
2012-10-09,0.3425
2012-10-10,0.3405
2012-10-11,0.3385
2012-10-12,0.331
2012-10-15,0.3205
2012-10-16,0.312
2012-10-17,0.317
2012-10-18,0.3235
2012-10-19,0.335
2012-10-22,0.3285
2012-10-23,0.331
2012-10-24,0.3265
2012-10-25,0.3425
2012-10-26,0.3355
2012-10-29,0.339
2012-10-30,0.338
2012-10-31,0.331
2012-11-01,0.327
2012-11-02,0.325
2012-11-05,0.3245
2012-11-06,0.336
2012-11-07,0.326
2012-11-08,0.3265
2012-11-09,0.3295
2012-11-13,0.327
2012-11-14,0.3245
2012-11-15,0.336
2012-11-16,0.338
2012-11-19,0.334
2012-11-20,0.332
2012-11-21,0.341
2012-11-22,0.34
2012-11-23,0.3455
2012-11-26,0.3465
2012-11-27,0.3385
2012-11-28,0.332
2012-11-29,0.332
2012-11-30,0.331
2012-12-03,0.3315
2012-12-04,0.324
2012-12-05,0.322
2012-12-06,0.32
2012-12-07,0.315
2012-12-10,0.315
2012-12-11,0.31
2012-12-12,0.3085
2012-12-13,0.3085
2012-12-14,0.307
2012-12-17,0.3165
2012-12-18,0.332
2012-12-19,0.334
2012-12-20,0.335
2012-12-21,0.3345
2012-12-24,0.3475
2012-12-26,0.3485
2012-12-27,0.345
2012-12-28,0.337
2012-12-31,0.328
2013-01-01,0.323
2013-01-02,0.321
2013-01-03,0.3215
2013-01-04,0.3275
2013-01-07,0.325
2013-01-08,0.322
2013-01-09,0.314
2013-01-10,0.3188
2013-01-11,0.3155
2013-01-14,0.316
2013-01-15,0.319
2013-01-16,0.32
2013-01-17,0.3375
2013-01-18,0.33
2013-01-22,0.3285
2013-01-23,0.3245
2013-01-24,0.327
2013-01-25,0.3485
2013-01-28,0.3525
2013-01-29,0.345
2013-01-30,0.3375
2013-01-31,0.342
2013-02-01,0.335
2013-02-04,0.3375
2013-02-05,0.3395
2013-02-06,0.328
2013-02-07,0.3265
2013-02-08,0.3265
2013-02-11,0.331
2013-02-12,0.334
2013-02-13,0.335
2013-02-14,0.3305
2013-02-15,0.3345
2013-02-19,0.3295
2013-02-20,0.3275
2013-02-21,0.3225
2013-02-22,0.3235
2013-02-25,0.3185
2013-02-26,0.3285
2013-02-27,0.3305
2013-02-28,0.32
2013-03-01,0.313
2013-03-04,0.3095
2013-03-05,0.309
2013-03-06,0.3095
2013-03-07,0.3135
2013-03-08,0.3138
2013-03-11,0.3135
2013-03-12,0.313
2013-03-13,0.312
2013-03-14,0.3185
2013-03-15,0.3192
2013-03-18,0.3243
2013-03-19,0.3545
2013-03-20,0.348
2013-03-21,0.3575
2013-03-22,0.3565
2013-03-25,0.352
2013-03-26,0.3555
2013-03-27,0.355
2013-03-28,0.35
2013-03-29,0.351
2013-04-01,0.344
2013-04-02,0.3389
2013-04-03,0.33
2013-04-04,0.3235
2013-04-05,0.3185
2013-04-08,0.3235
2013-04-09,0.32
2013-04-10,0.3164
2013-04-11,0.313
2013-04-12,0.3191
2013-04-15,0.3185
2013-04-16,0.316
2013-04-17,0.316
2013-04-18,0.312
2013-04-19,0.312
2013-04-22,0.3065
2013-04-23,0.308
2013-04-24,0.3055
2013-04-25,0.3075
2013-04-26,0.3064
2013-04-29,0.2945
2013-04-30,0.295
2013-05-01,0.2935
2013-05-02,0.2895
2013-05-03,0.3
2013-05-06,0.2995
2013-05-07,0.3025
2013-05-08,0.301
2013-05-09,0.3015
2013-05-10,0.3055
2013-05-13,0.31
2013-05-14,0.3115
2013-05-15,0.3085
2013-05-16,0.3075
2013-05-17,0.3175
2013-05-20,0.3107
2013-05-21,0.311
2013-05-22,0.314
2013-05-23,0.3155
2013-05-24,0.318
2013-05-28,0.3533
2013-05-29,0.3395
2013-05-30,0.3365
2013-05-31,0.3364
2013-06-03,0.3305
2013-06-04,0.332
2013-06-05,0.336
2013-06-06,0.34
2013-06-07,0.3405
2013-06-10,0.3395
2013-06-11,0.3455
2013-06-12,0.3405
2013-06-13,0.3215
2013-06-14,0.3165
2013-06-17,0.314
2013-06-18,0.314
2013-06-19,0.327
2013-06-20,0.3415
2013-06-21,0.3705
2013-06-24,0.3959
2013-06-25,0.3953
2013-06-26,0.367
2013-06-27,0.355
2013-06-28,0.3575
2013-07-01,0.362
2013-07-02,0.367
2013-07-03,0.381
2013-07-04,0.379
2013-07-05,0.3845
2013-07-08,0.358
2013-07-09,0.3565
2013-07-10,0.354
2013-07-11,0.3435
2013-07-12,0.3585
2013-07-15,0.3495
2013-07-16,0.3415
2013-07-17,0.3335
2013-07-18,0.3345
2013-07-19,0.3335
2013-07-22,0.3375
2013-07-23,0.342
2013-07-24,0.348
2013-07-25,0.3335
2013-07-26,0.3335
2013-07-29,0.333
2013-07-30,0.331
2013-07-31,0.3325
2013-08-01,0.3345
2013-08-02,0.326
2013-08-05,0.3285
2013-08-06,0.3272
2013-08-07,0.327
2013-08-08,0.3274
2013-08-09,0.3261
2013-08-12,0.327
2013-08-13,0.3375
2013-08-14,0.335
2013-08-15,0.342
2013-08-16,0.339
2013-08-19,0.3435
2013-08-20,0.3365
2013-08-21,0.3475
2013-08-22,0.354
2013-08-23,0.3425
2013-08-26,0.3405
2013-08-27,0.338
2013-08-28,0.344
2013-08-29,0.343
2013-08-30,0.3395
2013-09-03,0.3445
2013-09-04,0.356
2013-09-05,0.363
2013-09-06,0.3408
2013-09-09,0.3375
2013-09-10,0.3435
2013-09-11,0.3395
2013-09-12,0.341
2013-09-13,0.3415
2013-09-16,0.3254
2013-09-17,0.322
2013-09-18,0.315
2013-09-19,0.3125
2013-09-20,0.3125
2013-09-23,0.3095
2013-09-24,0.313
2013-09-25,0.3125
2013-09-26,0.314
2013-09-27,0.3133
2013-09-30,0.3155
2013-10-01,0.3105
2013-10-02,0.315
2013-10-03,0.3105
2013-10-04,0.315
2013-10-07,0.3215
2013-10-08,0.35
2013-10-09,0.3381
2013-10-10,0.327
2013-10-11,0.33
2013-10-15,0.3283
2013-10-16,0.3185
2013-10-17,0.3055
2013-10-18,0.3042
2013-10-21,0.298
2013-10-22,0.2924
2013-10-23,0.2985
2013-10-24,0.2975
2013-10-25,0.2925
2013-10-28,0.2955
2013-10-29,0.2939
2013-10-30,0.293
2013-10-31,0.292
2013-11-01,0.288
2013-11-04,0.2854
2013-11-05,0.286
2013-11-06,0.2825
2013-11-07,0.282
2013-11-08,0.287
2013-11-12,0.2917
2013-11-13,0.2865
2013-11-14,0.278
2013-11-15,0.2751
2013-11-18,0.2735
2013-11-19,0.276
2013-11-20,0.262
2013-11-21,0.2625
2013-11-22,0.266
2013-11-25,0.2675
2013-11-26,0.267
2013-11-27,0.267
2013-11-29,0.2687
2013-12-02,0.266
2013-12-03,0.2685
2013-12-04,0.268
2013-12-05,0.269
2013-12-06,0.27
2013-12-09,0.273
2013-12-10,0.275
2013-12-11,0.279
2013-12-12,0.2866
2013-12-13,0.288
2013-12-16,0.292
2013-12-17,0.281
2013-12-18,0.287
2013-12-19,0.304
2013-12-20,0.3094
2013-12-23,0.314
2013-12-24,0.315
2013-12-26,0.3198
2013-12-27,0.3105
2013-12-30,0.305
2013-12-31,0.312
2014-01-02,0.31
2014-01-03,0.3115
2014-01-06,0.309
2014-01-07,0.3064
2014-01-08,0.3195
2014-01-09,0.3185
2014-01-10,0.3
2014-01-13,0.2965
2014-01-14,0.3
2014-01-15,0.303
2014-01-16,0.301
2014-01-17,0.2982
2014-01-21,0.2931
2014-01-22,0.2967
2014-01-23,0.296
2014-01-24,0.307
2014-01-27,0.2975
2014-01-28,0.2946
2014-01-29,0.291
2014-01-30,0.287
2014-01-31,0.2835
2014-02-03,0.2799
2014-02-04,0.2786
2014-02-05,0.276
2014-02-06,0.275
2014-02-07,0.2665
2014-02-10,0.2682
2014-02-11,0.272
2014-02-12,0.2714
2014-02-13,0.2644
2014-02-14,0.266
2014-02-18,0.263
2014-02-19,0.2674
2014-02-20,0.268
2014-02-21,0.2665
2014-02-24,0.267
2014-02-25,0.2647
2014-02-26,0.264
2014-02-27,0.2674
2014-02-28,0.2665
2014-03-03,0.267
2014-03-04,0.271
2014-03-05,0.27
2014-03-06,0.2725
2014-03-07,0.279
2014-03-10,0.277
2014-03-11,0.28
2014-03-12,0.2781
2014-03-13,0.2784
2014-03-14,0.2795
2014-03-17,0.281
2014-03-18,0.279
2014-03-19,0.2872
2014-03-20,0.288
2014-03-21,0.287
2014-03-24,0.2895
2014-03-25,0.284
2014-03-26,0.28
2014-03-27,0.277
2014-03-28,0.2775
2014-03-31,0.27
2014-04-01,0.273
2014-04-02,0.275
2014-04-03,0.276
2014-04-04,0.267
2014-04-07,0.2675
2014-04-08,0.2675
2014-04-09,0.2585
2014-04-10,0.257
2014-04-11,0.2535
2014-04-14,0.259
2014-04-15,0.2575
2014-04-16,0.257
2014-04-17,0.2655
2014-04-18,0.261
2014-04-21,0.26
2014-04-22,0.2625
2014-04-23,0.2635
2014-04-24,0.2665
2014-04-25,0.2655
2014-04-28,0.2665
2014-04-29,0.266
2014-04-30,0.2605
2014-05-01,0.2625
2014-05-02,0.2623
2014-05-05,0.263
2014-05-06,0.265
2014-05-07,0.2572
2014-05-08,0.253
2014-05-09,0.255
2014-05-12,0.2625
2014-05-13,0.2591
2014-05-14,0.254
2014-05-15,0.255
2014-05-16,0.258
2014-05-19,0.256
2014-05-20,0.2581
2014-05-21,0.259
2014-05-22,0.2622
2014-05-23,0.262
2014-05-27,0.2643
2014-05-28,0.262
2014-05-29,0.2645
2014-05-30,0.2655
2014-06-02,0.2655
2014-06-03,0.267
2014-06-04,0.2683
2014-06-05,0.261
2014-06-06,0.2675
2014-06-09,0.2715
2014-06-10,0.2745
2014-06-11,0.276
2014-06-12,0.28
2014-06-13,0.29
2014-06-16,0.298
2014-06-17,0.301
2014-06-18,0.293
2014-06-19,0.288
2014-06-20,0.287
2014-06-23,0.2925
2014-06-24,0.2935
2014-06-25,0.2905
2014-06-26,0.29
2014-06-27,0.2885
2014-06-30,0.286
2014-07-01,0.2886
2014-07-02,0.2925
2014-07-03,0.3
2014-07-07,0.3075
2014-07-08,0.3022
2014-07-09,0.298
2014-07-10,0.297
2014-07-11,0.296
2014-07-14,0.299
2014-07-15,0.304
2014-07-16,0.3075
2014-07-17,0.304
2014-07-18,0.3111
2014-07-21,0.316
2014-07-22,0.309
2014-07-23,0.3105
2014-07-24,0.3155
2014-07-25,0.3199
2014-07-28,0.3275
2014-07-29,0.332
2014-07-30,0.3425
2014-07-31,0.3372
2014-08-01,0.321
2014-08-04,0.321
2014-08-05,0.323
2014-08-06,0.32
2014-08-07,0.3175
2014-08-08,0.3175
2014-08-11,0.3177
2014-08-12,0.313
2014-08-13,0.3065
2014-08-14,0.3015
2014-08-15,0.2985
2014-08-18,0.3052
2014-08-19,0.3082
2014-08-20,0.3245
2014-08-21,0.323
2014-08-22,0.3325
2014-08-25,0.338
2014-08-26,0.3345
2014-08-27,0.333
2014-08-28,0.3375
2014-08-29,0.3345
2014-09-02,0.342
2014-09-03,0.339
2014-09-04,0.347
2014-09-05,0.334
2014-09-08,0.3504
2014-09-09,0.3602
2014-09-10,0.367
2014-09-11,0.3685
2014-09-12,0.3705
2014-09-15,0.362
2014-09-16,0.3601
2014-09-17,0.3655
2014-09-18,0.3665
2014-09-19,0.364
2014-09-22,0.3577
2014-09-23,0.359
2014-09-24,0.366
2014-09-25,0.3515
2014-09-26,0.3625
2014-09-29,0.3645
2014-09-30,0.3596
2014-10-01,0.347
2014-10-02,0.352
2014-10-03,0.36
2014-10-06,0.3527
2014-10-07,0.3465
2014-10-08,0.321
2014-10-09,0.3175
2014-10-10,0.313
2014-10-14,0.3003
2014-10-15,0.296
2014-10-16,0.3185
2014-10-17,0.313
2014-10-20,0.2984
2014-10-21,0.306
2014-10-22,0.3013
2014-10-23,0.3095
2014-10-24,0.3042
2014-10-27,0.303
2014-10-28,0.3003
2014-10-29,0.319
2014-10-30,0.318
2014-10-31,0.3245
2014-11-03,0.33
2014-11-04,0.331
2014-11-05,0.34
2014-11-06,0.347
2014-11-07,0.332
2014-11-10,0.3406
2014-11-11,0.341
2014-11-12,0.347
2014-11-13,0.339
2014-11-14,0.339
2014-11-17,0.3345
2014-11-18,0.3345
2014-11-19,0.343
2014-11-20,0.339
2014-11-21,0.339
2014-11-24,0.34
2014-11-25,0.34
2014-11-26,0.338
2014-11-27,0.339
2014-11-28,0.3335
2014-12-01,0.335
2014-12-02,0.3525
2014-12-03,0.3605
2014-12-04,0.354
2014-12-05,0.4035
2014-12-08,0.4
2014-12-09,0.4051
2014-12-10,0.39
2014-12-11,0.4085
2014-12-12,0.3855
2014-12-15,0.3985
2014-12-16,0.391
2014-12-17,0.404
2014-12-18,0.421
2014-12-19,0.4295
2014-12-22,0.441
2014-12-23,0.4475
2014-12-24,0.4465
2014-12-25,0.446
2014-12-26,0.4475
2014-12-29,0.4439
2014-12-30,0.439
2014-12-31,0.44
2015-01-01,0.443
2015-01-02,0.4545
2015-01-05,0.448
2015-01-06,0.4339
2015-01-07,0.4315
2015-01-08,0.4295
2015-01-09,0.4055
2015-01-12,0.403
2015-01-13,0.399
2015-01-14,0.385
2015-01-15,0.3545
2015-01-16,0.3865
2015-01-20,0.395
2015-01-21,0.3976
2015-01-22,0.404
2015-01-23,0.3955
2015-01-26,0.41
2015-01-27,0.4045
2015-01-28,0.3925
2015-01-29,0.411
2015-01-30,0.396
2015-02-02,0.3967
2015-02-03,0.42
2015-02-04,0.4165
2015-02-05,0.4325
2015-02-06,0.491
2015-02-09,0.495
2015-02-10,0.4941
2015-02-11,0.5015
2015-02-12,0.4875
2015-02-13,0.4884
2015-02-17,0.5065
2015-02-18,0.475
2015-02-19,0.4875
2015-02-20,0.496
2015-02-23,0.4805
2015-02-24,0.457
2015-02-25,0.4615
2015-02-26,0.4845
2015-02-27,0.4755
2015-03-02,0.4911
2015-03-03,0.5005
2015-03-04,0.4875
2015-03-05,0.4891
2015-03-06,0.536
2015-03-09,0.523
2015-03-10,0.5215
2015-03-11,0.523
2015-03-12,0.515
2015-03-13,0.5131
2015-03-16,0.5115
2015-03-17,0.527
2015-03-18,0.462
2015-03-19,0.4941
2015-03-20,0.486
2015-03-23,0.4831
2015-03-24,0.474
2015-03-25,0.4755
2015-03-26,0.4828
2015-03-27,0.4718
2015-03-30,0.4675
2015-03-31,0.463
2015-04-01,0.4596
2015-04-02,0.4635
2015-04-03,0.4338
2015-04-06,0.437
2015-04-07,0.4475
2015-04-08,0.4518
2015-04-09,0.464
2015-04-10,0.4667
2015-04-13,0.4553
2015-04-14,0.4493
2015-04-15,0.445
2015-04-16,0.438
2015-04-17,0.4538
2015-04-20,0.458
2015-04-21,0.4598
2015-04-22,0.4741
2015-04-23,0.461
2015-04-24,0.4515
2015-04-27,0.456
2015-04-28,0.4633
2015-04-29,0.4628
2015-04-30,0.4731
2015-05-01,0.4895
2015-05-04,0.4931
2015-05-05,0.4961
2015-05-06,0.489
2015-05-07,0.491
2015-05-08,0.463
2015-05-11,0.485
2015-05-12,0.474
2015-05-13,0.46
2015-05-14,0.448
2015-05-15,0.451
2015-05-18,0.4645
2015-05-19,0.4841
2015-05-20,0.477
2015-05-21,0.4748
2015-05-22,0.5013
2015-05-26,0.5025
2015-05-27,0.5063
2015-05-28,0.4975
2015-05-29,0.487
2015-06-01,0.503
2015-06-02,0.5
2015-06-03,0.5075
2015-06-04,0.5118
2015-06-05,0.5438
2015-06-08,0.5326
2015-06-09,0.5485
2015-06-10,0.5555
2015-06-11,0.563
2015-06-12,0.5695
2015-06-15,0.558
2015-06-16,0.5505
2015-06-17,0.52
2015-06-18,0.5135
2015-06-19,0.5035
2015-06-22,0.512
2015-06-23,0.5245
2015-06-24,0.51
2015-06-25,0.52
2015-06-26,0.5305
2015-06-29,0.504
2015-06-30,0.514
2015-07-01,0.5355
2015-07-02,0.5051
2015-07-03,0.506
2015-07-06,0.488
2015-07-07,0.4825
2015-07-08,0.46
2015-07-09,0.4805
2015-07-10,0.5115
2015-07-13,0.53
2015-07-14,0.511
2015-07-15,0.5095
2015-07-16,0.527
2015-07-17,0.5395
2015-07-20,0.5655
2015-07-21,0.5515
2015-07-22,0.5645
2015-07-23,0.558
2015-07-24,0.55
2015-07-27,0.537
2015-07-28,0.546
2015-07-29,0.5515
2015-07-30,0.5845
2015-07-31,0.5415
2015-08-03,0.5415
2015-08-04,0.5875
2015-08-05,0.5915
2015-08-06,0.5855
2015-08-07,0.5969
2015-08-10,0.6005
2015-08-11,0.5695
2015-08-12,0.5625
2015-08-13,0.5898
2015-08-14,0.599
2015-08-17,0.585
2015-08-18,0.5935
2015-08-19,0.5585
2015-08-20,0.5515
2015-08-21,0.529
2015-08-24,0.4815
2015-08-25,0.4873
2015-08-26,0.495
2015-08-27,0.5095
2015-08-28,0.5335
2015-08-31,0.549
2015-09-01,0.5278
2015-09-02,0.525
2015-09-03,0.533
2015-09-04,0.5378
2015-09-08,0.544
2015-09-09,0.55
2015-09-10,0.5565
2015-09-11,0.5505
2015-09-14,0.556
2015-09-15,0.593
2015-09-16,0.5955
2015-09-17,0.517
2015-09-18,0.504
2015-09-21,0.5225
2015-09-22,0.5015
2015-09-23,0.5085
2015-09-24,0.5045
2015-09-25,0.512
2015-09-28,0.502
2015-09-29,0.4915
2015-09-30,0.4965
2015-10-01,0.512
2015-10-02,0.4693
2015-10-05,0.4845
2015-10-06,0.4755
2015-10-07,0.4915
2015-10-08,0.4951
2015-10-09,0.4953
2015-10-13,0.4791
2015-10-14,0.4405
2015-10-15,0.468
2015-10-16,0.4723
2015-10-19,0.4615
2015-10-20,0.48
2015-10-21,0.4778
2015-10-22,0.479
2015-10-23,0.4975
2015-10-26,0.4903
2015-10-27,0.488
2015-10-28,0.543
2015-10-29,0.553
2015-10-30,0.5545
2015-11-02,0.564
2015-11-03,0.5755
2015-11-04,0.5925
2015-11-05,0.593
2015-11-06,0.6343
2015-11-09,0.643
2015-11-10,0.6353
2015-11-11,0.6355
2015-11-12,0.642
2015-11-13,0.6235
2015-11-16,0.622
2015-11-17,0.629
2015-11-18,0.637
2015-11-19,0.6445
2015-11-20,0.6555
2015-11-23,0.6785
2015-11-24,0.6815
2015-11-25,0.6805
2015-11-26,0.681
2015-11-27,0.685
2015-11-30,0.69
2015-12-01,0.6805
2015-12-02,0.7025
2015-12-03,0.7215
2015-12-04,0.73
2015-12-07,0.7395
2015-12-08,0.754
2015-12-09,0.7385
2015-12-10,0.76
2015-12-11,0.7205
2015-12-14,0.738
2015-12-15,0.7525
2015-12-16,0.776
2015-12-17,0.794
2015-12-18,0.8045
2015-12-21,0.8155
2015-12-22,0.8223
2015-12-23,0.8288
2015-12-24,0.837
2015-12-25,0.837
2015-12-28,0.8445
2015-12-29,0.8655
2015-12-30,0.8735
2015-12-31,0.866
2016-01-01,0.865
2016-01-04,0.8545
2016-01-05,0.8451
2016-01-06,0.82
2016-01-07,0.7968
2016-01-08,0.797
2016-01-11,0.7985
2016-01-12,0.792
2016-01-13,0.7905
2016-01-14,0.7715
2016-01-15,0.7415
2016-01-19,0.7645
2016-01-20,0.735
2016-01-21,0.734
2016-01-22,0.7505
2016-01-25,0.747
2016-01-26,0.7365
2016-01-27,0.7355
2016-01-28,0.7235
2016-01-29,0.694
2016-02-01,0.708
2016-02-02,0.675
2016-02-03,0.6783
2016-02-04,0.682
2016-02-05,0.712
2016-02-08,0.6965
2016-02-09,0.6905
2016-02-10,0.681
2016-02-11,0.663
2016-02-12,0.6865
2016-02-16,0.686
2016-02-17,0.7015
2016-02-18,0.689
2016-02-19,0.716
2016-02-22,0.721
2016-02-23,0.7135
2016-02-24,0.7275
2016-02-25,0.7135
2016-02-26,0.7515
2016-02-29,0.7415
2016-03-01,0.7645
2016-03-02,0.7678
2016-03-03,0.7615
2016-03-04,0.7725
2016-03-07,0.798
2016-03-08,0.783
2016-03-09,0.7998
2016-03-10,0.8123
2016-03-11,0.8315
2016-03-14,0.834
2016-03-15,0.8498
2016-03-16,0.7748
2016-03-17,0.7825
2016-03-18,0.7785
2016-03-21,0.8025
2016-03-22,0.819
2016-03-23,0.811
2016-03-24,0.823
2016-03-25,0.82
2016-03-28,0.815
2016-03-29,0.768
2016-03-30,0.744
2016-03-31,0.74
2016-04-01,0.758
2016-04-04,0.75
2016-04-05,0.736
2016-04-06,0.747
2016-04-07,0.7285
2016-04-08,0.7425
2016-04-11,0.7425
2016-04-12,0.7535
2016-04-13,0.7525
2016-04-14,0.763
2016-04-15,0.7515
2016-04-18,0.7548
2016-04-19,0.7708
2016-04-20,0.795
2016-04-21,0.799
2016-04-22,0.8045
2016-04-25,0.8105
2016-04-26,0.8105
2016-04-27,0.7905
2016-04-28,0.7825
2016-04-29,0.783
2016-05-02,0.7865
2016-05-03,0.768
2016-05-04,0.7595
2016-05-05,0.75
2016-05-06,0.758
2016-05-09,0.7388
2016-05-10,0.7485
2016-05-11,0.7505
2016-05-12,0.7635
2016-05-13,0.7585
2016-05-16,0.7785
2016-05-17,0.8055
2016-05-18,0.848
2016-05-19,0.859
2016-05-20,0.8618
2016-05-23,0.871
2016-05-24,0.8835
2016-05-25,0.8735
2016-05-26,0.852
2016-05-27,0.882
2016-05-31,0.871
2016-06-01,0.881
2016-06-02,0.8795
2016-06-03,0.8043
2016-06-06,0.8125
2016-06-07,0.7995
2016-06-08,0.799
2016-06-09,0.7915
2016-06-10,0.7695
2016-06-13,0.7598
2016-06-14,0.7766
2016-06-15,0.7403
2016-06-16,0.744
2016-06-17,0.75
2016-06-20,0.779
2016-06-21,0.7805
2016-06-22,0.7665
2016-06-23,0.789
2016-06-24,0.665
2016-06-27,0.657
2016-06-28,0.667
2016-06-29,0.6975
2016-06-30,0.675
2016-07-01,0.6897
2016-07-05,0.6835
2016-07-06,0.6928
2016-07-07,0.7065
2016-07-08,0.718
2016-07-11,0.747
2016-07-12,0.7703
2016-07-13,0.757
2016-07-14,0.771
2016-07-15,0.7915
2016-07-18,0.8075
2016-07-19,0.8165
2016-07-20,0.8395
2016-07-21,0.8615
2016-07-22,0.87
2016-07-25,0.891
2016-07-26,0.8807
2016-07-27,0.8695
2016-07-28,0.854
2016-07-29,0.8245
2016-08-01,0.845
2016-08-02,0.859
2016-08-03,0.874
2016-08-04,0.866
2016-08-05,0.9155
2016-08-08,0.9305
2016-08-09,0.9295
2016-08-10,0.904
2016-08-11,0.9245
2016-08-12,0.8935
2016-08-15,0.886
2016-08-16,0.9
2016-08-17,0.9046
2016-08-18,0.8965
2016-08-19,0.925
2016-08-22,0.9295
2016-08-23,0.9315
2016-08-24,0.92
2016-08-25,0.938
2016-08-26,0.9735
2016-08-29,0.952
2016-08-30,0.955
2016-08-31,0.966
2016-09-01,0.9525
2016-09-02,0.9593
2016-09-06,0.9255
2016-09-07,0.9303
2016-09-08,0.9614
2016-09-09,0.9735
2016-09-12,0.958
2016-09-13,0.9611
2016-09-14,0.9388
2016-09-15,0.927
2016-09-16,0.9428
2016-09-19,0.961
2016-09-20,0.964
2016-09-21,0.962
2016-09-22,0.955
2016-09-23,0.947
2016-09-26,0.9325
2016-09-27,0.9375
2016-09-28,0.9325
2016-09-29,0.9325
2016-09-30,0.946
2016-10-03,0.957
2016-10-04,0.971
2016-10-05,0.9835
2016-10-06,0.9925
2016-10-07,0.984
2016-10-11,1.005
2016-10-12,0.9945
2016-10-13,0.9829
2016-10-14,0.9755
2016-10-17,0.9595
2016-10-18,0.951
2016-10-19,0.9585
2016-10-20,0.9805
2016-10-21,0.983
2016-10-24,0.9948
2016-10-25,0.9978
2016-10-26,1.004
2016-10-27,1.0055
2016-10-28,0.9925
2016-10-31,0.989
2016-11-01,0.981
2016-11-02,0.9665
2016-11-03,0.97
2016-11-04,0.9592
2016-11-07,0.9845
2016-11-08,0.997
2016-11-09,1.0048
2016-11-10,1.012
2016-11-11,1.0116
2016-11-14,1.0505
2016-11-15,1.044
2016-11-16,1.0475
2016-11-17,1.0725
2016-11-18,1.081
2016-11-21,1.0793
2016-11-22,1.0825
2016-11-23,1.104
2016-11-24,1.104
2016-11-25,1.115
2016-11-28,1.097
2016-11-29,1.086
2016-11-30,1.1035
2016-12-01,1.1175
2016-12-02,1.101
2016-12-05,1.1157
2016-12-06,1.1195
2016-12-07,1.1128
2016-12-08,1.1209
2016-12-09,1.135
2016-12-12,1.1378
2016-12-13,1.149
2016-12-14,1.209
2016-12-15,1.2179
2016-12-16,1.213
2016-12-19,1.1997
2016-12-20,1.2002
2016-12-21,1.198
2016-12-22,1.208
2016-12-23,1.2105
2016-12-27,1.215
2016-12-28,1.2045
2016-12-29,1.192
2016-12-30,1.1883
2017-01-03,1.1975
2017-01-04,1.2005
2017-01-05,1.1915
2017-01-06,1.216
2017-01-09,1.213
2017-01-10,1.2175
2017-01-11,1.2235
2017-01-12,1.2185
2017-01-13,1.2312
2017-01-17,1.2165
2017-01-18,1.2545
2017-01-19,1.27
2017-01-20,1.2618
2017-01-23,1.2325
2017-01-24,1.2483
2017-01-25,1.2615
2017-01-26,1.2599
2017-01-27,1.2595
2017-01-30,1.2533
2017-01-31,1.245
2017-02-01,1.251
2017-02-02,1.2516
2017-02-03,1.2475
2017-02-06,1.2378
2017-02-07,1.242
2017-02-08,1.2239
2017-02-09,1.2485
2017-02-10,1.2604
2017-02-13,1.2685
2017-02-14,1.2895
2017-02-15,1.3155
2017-02-16,1.3035
2017-02-17,1.299
2017-02-21,1.3225
2017-02-22,1.312
2017-02-23,1.2955
2017-02-24,1.2885
2017-02-27,1.31
2017-02-28,1.358
2017-03-01,1.3615
2017-03-02,1.3818
2017-03-03,1.373
2017-03-06,1.36
2017-03-07,1.3675
2017-03-08,1.383
2017-03-09,1.4055
2017-03-10,1.41
2017-03-13,1.4191
2017-03-14,1.4185
2017-03-15,1.391
2017-03-16,1.4025
2017-03-17,1.399
2017-03-20,1.3915
2017-03-21,1.384
2017-03-22,1.3785
2017-03-23,1.382
2017-03-24,1.3785
2017-03-27,1.3695
2017-03-28,1.3875
2017-03-29,1.3675
2017-03-30,1.39
2017-03-31,1.3836
2017-04-03,1.3725
2017-04-04,1.3805
2017-04-05,1.3775
2017-04-06,1.3865
2017-04-07,1.4042
2017-04-10,1.3923
2017-04-11,1.3695
2017-04-12,1.3523
2017-04-13,1.3639
2017-04-14,1.3675
2017-04-17,1.3555
2017-04-18,1.3242
2017-04-19,1.3379
2017-04-20,1.3537
2017-04-21,1.353
2017-04-24,1.3795
2017-04-25,1.4079
2017-04-26,1.3975
2017-04-27,1.3815
2017-04-28,1.3875
2017-05-01,1.392
2017-05-02,1.3775
2017-05-03,1.393
2017-05-04,1.4
2017-05-05,1.4085
2017-05-08,1.418
2017-05-09,1.4035
2017-05-10,1.3965
2017-05-11,1.39
2017-05-12,1.3545
2017-05-15,1.3555
2017-05-16,1.3585
2017-05-17,1.3155
2017-05-18,1.3382
2017-05-19,1.3525
2017-05-22,1.3605
2017-05-23,1.3725
2017-05-24,1.3535
2017-05-25,1.37
2017-05-26,1.3656
2017-05-30,1.3538
2017-05-31,1.3568
2017-06-01,1.376
2017-06-02,1.373
2017-06-05,1.375
2017-06-06,1.3649
2017-06-07,1.371
2017-06-08,1.3795
2017-06-09,1.393
2017-06-12,1.4005
2017-06-13,1.405
2017-06-14,1.384
2017-06-15,1.3995
2017-06-16,1.395
2017-06-19,1.4185
2017-06-20,1.4149
2017-06-21,1.412
2017-06-22,1.4125
2017-06-23,1.419
2017-06-26,1.422
2017-06-27,1.4345
2017-06-28,1.4358
2017-06-29,1.4395
2017-06-30,1.4565
2017-07-03,1.4704
2017-07-05,1.473
2017-07-06,1.4715
2017-07-07,1.4645
2017-07-10,1.4609
2017-07-11,1.4545
2017-07-12,1.4408
2017-07-13,1.4485
2017-07-14,1.44
2017-07-17,1.4432
2017-07-18,1.436
2017-07-19,1.4505
2017-07-20,1.4575
2017-07-21,1.4549
2017-07-24,1.4613
2017-07-25,1.4779
2017-07-26,1.454
2017-07-27,1.4605
2017-07-28,1.4545
2017-07-31,1.4588
2017-08-01,1.4558
2017-08-02,1.4658
2017-08-03,1.4562
2017-08-04,1.4662
2017-08-07,1.466
2017-08-08,1.4708
2017-08-09,1.4668
2017-08-10,1.4606
2017-08-11,1.4428
2017-08-14,1.4582
2017-08-15,1.4755
2017-08-16,1.4677
2017-08-17,1.4594
2017-08-18,1.4588
2017-08-21,1.451
2017-08-22,1.4602
2017-08-23,1.4468
2017-08-24,1.4584
2017-08-25,1.4551
2017-08-28,1.4447
2017-08-29,1.4287
2017-08-30,1.4384
2017-08-31,1.4386
2017-09-01,1.4474
2017-09-05,1.4259
2017-09-06,1.4357
2017-09-07,1.4195
2017-09-08,1.4113
2017-09-11,1.4419
2017-09-12,1.4549
2017-09-13,1.4687
2017-09-14,1.4886
2017-09-15,1.501
2017-09-18,1.5153
2017-09-19,1.5237
2017-09-20,1.5472
2017-09-21,1.5555
2017-09-22,1.5489
2017-09-25,1.5438
2017-09-26,1.5535
2017-09-27,1.5654
2017-09-28,1.5494
2017-09-29,1.566
2017-10-02,1.5688
2017-10-03,1.573
2017-10-04,1.5813
2017-10-05,1.5924
2017-10-06,1.5993
2017-10-10,1.6046
2017-10-11,1.609
2017-10-12,1.6077
2017-10-13,1.5927
2017-10-16,1.6153
2017-10-17,1.6207
2017-10-18,1.6214
2017-10-19,1.6064
2017-10-20,1.6227
2017-10-23,1.6177
2017-10-24,1.6282
2017-10-25,1.633
2017-10-26,1.6443
2017-10-27,1.6364
2017-10-30,1.6284
2017-10-31,1.6403
2017-11-01,1.6538
2017-11-02,1.6518
2017-11-03,1.6573
2017-11-06,1.6638
2017-11-07,1.6711
2017-11-08,1.6778
2017-11-09,1.6748
2017-11-10,1.686
2017-11-13,1.6995
2017-11-14,1.6968
2017-11-15,1.6928
2017-11-16,1.7164
2017-11-17,1.7184
2017-11-20,1.7407
2017-11-21,1.7563
2017-11-22,1.7387
2017-11-23,1.7386
2017-11-24,1.7539
2017-11-27,1.755
2017-11-28,1.7542
2017-11-29,1.7675
2017-11-30,1.7843
2017-12-01,1.7765
2017-12-04,1.7952
2017-12-05,1.8057
2017-12-06,1.8053
2017-12-07,1.8129
2017-12-08,1.8213
2017-12-11,1.8354
2017-12-12,1.8461
2017-12-13,1.826
2017-12-14,1.8433
2017-12-15,1.857
2017-12-18,1.8647
2017-12-19,1.8846
2017-12-20,1.8903
2017-12-21,1.9037
2017-12-22,1.9145
2017-12-26,1.914
2017-12-27,1.8986
2017-12-28,1.9065
2017-12-29,1.8982
2018-01-02,1.9244
2018-01-03,1.9311
2018-01-04,1.9538
2018-01-05,1.9574
2018-01-08,1.9596
2018-01-09,1.9683
2018-01-10,1.9745
2018-01-11,1.9807
2018-01-12,1.9983
2018-01-16,2.0214
2018-01-17,2.0376
2018-01-18,2.0389
2018-01-19,2.0462
2018-01-22,2.04
2018-01-23,2.0289
2018-01-24,2.0425
2018-01-25,2.0554
2018-01-26,2.0758
2018-01-29,2.0834
2018-01-30,2.0818
2018-01-31,2.0957
2018-02-01,2.1118
2018-02-02,2.1182
2018-02-05,2.0679
2018-02-06,2.1106
2018-02-07,2.1207
2018-02-08,2.1285
2018-02-09,2.1392
2018-02-12,2.1479
2018-02-13,2.1512
2018-02-14,2.2061
2018-02-15,2.2295
2018-02-16,2.2304
2018-02-20,2.258
2018-02-21,2.2923
2018-02-22,2.2755
2018-02-23,2.2723
2018-02-26,2.2885
2018-02-27,2.3144
2018-02-28,2.3168
2018-03-01,2.2733
2018-03-02,2.2825
2018-03-05,2.2948
2018-03-06,2.3096
2018-03-07,2.3175
2018-03-08,2.3254
2018-03-09,2.3413
2018-03-12,2.3597
2018-03-13,2.3733
2018-03-14,2.377
2018-03-15,2.3885
2018-03-16,2.4086
2018-03-19,2.4037
2018-03-20,2.4397
2018-03-21,2.4283
2018-03-22,2.4125
2018-03-23,2.4094
2018-03-26,2.4286
2018-03-27,2.3835
2018-03-28,2.409
2018-03-29,2.419
2018-03-30,2.4203
2018-04-02,2.4087
2018-04-03,2.4325
2018-04-04,2.4402
2018-04-05,2.451
2018-04-06,2.437
2018-04-09,2.4353
2018-04-10,2.4495
2018-04-11,2.4622
2018-04-12,2.4965
2018-04-13,2.5079
2018-04-16,2.5087
2018-04-17,2.511
2018-04-18,2.5303
2018-04-19,2.5324
2018-04-20,2.5403
2018-04-23,2.5461
2018-04-24,2.5436
2018-04-25,2.5595
2018-04-26,2.5418
2018-04-27,2.5383
2018-04-30,2.5509
2018-05-01,2.5525
2018-05-02,2.5599
2018-05-03,2.553
2018-05-04,2.5714
2018-05-07,2.5742
2018-05-08,2.5649
2018-05-09,2.5727
2018-05-10,2.5676
2018-05-11,2.5425
2018-05-14,2.5357
2018-05-15,2.5514
2018-05-16,2.5763
2018-05-17,2.5726
2018-05-18,2.5606
2018-05-21,2.5733
2018-05-22,2.5746
2018-05-23,2.5484
2018-05-24,2.5332
2018-05-25,2.5159
2018-05-29,2.4456
2018-05-30,2.4931
2018-05-31,2.5257
2018-06-01,2.551
2018-06-04,2.5734
2018-06-05,2.5677
2018-06-06,2.5812
2018-06-07,2.5769
2018-06-08,2.5795
2018-06-11,2.593
2018-06-12,2.6018
2018-06-13,2.6194
2018-06-14,2.6196
2018-06-15,2.6054
2018-06-18,2.6016
2018-06-19,2.6002
2018-06-20,2.6181
2018-06-21,2.6111
2018-06-22,2.6108
2018-06-25,2.6059
2018-06-26,2.6044
2018-06-27,2.5838
2018-06-28,2.5975
2018-06-29,2.6069
2018-07-02,2.6193
2018-07-03,2.6062
2018-07-04,2.6055
2018-07-05,2.6215
2018-07-06,2.6138
2018-07-09,2.6244
2018-07-10,2.6317
2018-07-11,2.6313
2018-07-12,2.6389
2018-07-13,2.6323
2018-07-16,2.6405
2018-07-17,2.6512
2018-07-18,2.6544
2018-07-19,2.6435
2018-07-20,2.6442
2018-07-23,2.65
2018-07-24,2.6483
2018-07-25,2.658
2018-07-26,2.668
2018-07-27,2.669
2018-07-30,2.671
2018-07-31,2.6785
2018-08-01,2.689
2018-08-02,2.6815
2018-08-03,2.6715
2018-08-06,2.6685
2018-08-07,2.6755
2018-08-08,2.6709
2018-08-09,2.6504
2018-08-10,2.618
2018-08-13,2.618
2018-08-14,2.6473
2018-08-15,2.626
2018-08-16,2.647
2018-08-17,2.6373
2018-08-20,2.6186
2018-08-21,2.6228
2018-08-22,2.6229
2018-08-23,2.6352
2018-08-24,2.6394
2018-08-27,2.654
2018-08-28,2.6692
2018-08-29,2.6671
2018-08-30,2.6691
2018-08-31,2.661
2018-09-04,2.6737
2018-09-05,2.6706
2018-09-06,2.6666
2018-09-07,2.7123
2018-09-10,2.7176
2018-09-11,2.7364
2018-09-12,2.727
2018-09-13,2.7307
2018-09-14,2.744
2018-09-17,2.7345
2018-09-18,2.74
2018-09-19,2.7533
2018-09-20,2.7765
2018-09-21,2.7716
2018-09-24,2.7741
2018-09-25,2.7901
2018-09-26,2.7851
2018-09-27,2.7885
2018-09-28,2.7852
2018-10-01,2.7858
2018-10-02,2.785
2018-10-03,2.813
2018-10-04,2.8144
2018-10-05,2.8159
2018-10-09,2.828
2018-10-10,2.8114
2018-10-11,2.8257
2018-10-12,2.827
2018-10-15,2.8431
2018-10-16,2.843
2018-10-17,2.8635
2018-10-18,2.8911
2018-10-19,2.8993
2018-10-22,2.8877
2018-10-23,2.8799
2018-10-24,2.8692
2018-10-25,2.8862
2018-10-26,2.8677
2018-10-29,2.8685
2018-10-30,2.886
2018-10-31,2.8995
2018-11-01,2.9024
2018-11-02,2.9366
2018-11-05,2.926
2018-11-06,2.938
2018-11-07,2.953
2018-11-08,2.9623
2018-11-09,2.9462
2018-11-12,2.9462
2018-11-13,2.9215
2018-11-14,2.9155
2018-11-15,2.9217
2018-11-16,2.8791
2018-11-19,2.8725
2018-11-20,2.8855
2018-11-21,2.8957
2018-11-22,2.8961
2018-11-23,2.8966
2018-11-26,2.9135
2018-11-27,2.9148
2018-11-28,2.8965
2018-11-29,2.9033
2018-11-30,2.8992
2018-12-03,2.9244
2018-12-04,2.9033
2018-12-05,2.9043
2018-12-06,2.8964
2018-12-07,2.8591
2018-12-10,2.851
2018-12-11,2.8703
2018-12-12,2.877
2018-12-13,2.8796
2018-12-14,2.8705
2018-12-17,2.8397
2018-12-18,2.7959
2018-12-19,2.8149
2018-12-20,2.8535
2018-12-21,2.8291
2018-12-24,2.786
2018-12-25,2.786
2018-12-26,2.8082
2018-12-27,2.7678
2018-12-28,2.7591
2018-12-31,2.7581
2019-01-01,2.7582
2019-01-02,2.7508
2019-01-03,2.6901
2019-01-04,2.7544
2019-01-07,2.767
2019-01-08,2.7804
2019-01-09,2.773
2019-01-10,2.7842
2019-01-11,2.7713
2019-01-14,2.7648
2019-01-15,2.7623
2019-01-16,2.762
2019-01-17,2.7735
2019-01-18,2.7903
2019-01-21,2.7926
2019-01-22,2.7789
2019-01-23,2.7765
2019-01-24,2.772
2019-01-25,2.7782
2019-01-28,2.7665
2019-01-29,2.759
2019-01-30,2.7272
2019-01-31,2.6934
2019-02-01,2.713
2019-02-04,2.727
2019-02-05,2.7296
2019-02-06,2.734
2019-02-07,2.699
2019-02-08,2.6894
2019-02-11,2.6915
2019-02-12,2.7
2019-02-13,2.7112
2019-02-14,2.7014
2019-02-15,2.7017
2019-02-19,2.665
2019-02-20,2.665
2019-02-21,2.674
2019-02-22,2.6615
2019-02-25,2.6615
2019-02-26,2.644
2019-02-27,2.6599
2019-02-28,2.6675
2019-03-01,2.6763
2019-03-04,2.6765
2019-03-05,2.6865
2019-03-06,2.673
2019-03-07,2.6615
2019-03-08,2.6573
2019-03-11,2.6684
2019-03-12,2.6488
2019-03-13,2.6563
2019-03-14,2.6547
2019-03-15,2.653
2019-03-18,2.6594
2019-03-19,2.6545
2019-03-20,2.6254
2019-03-21,2.6242
2019-03-22,2.5717
2019-03-25,2.5175
2019-03-26,2.5373
2019-03-27,2.5092
2019-03-28,2.529
2019-03-29,2.5426
2019-04-01,2.5772
2019-04-02,2.565
2019-04-03,2.5796
2019-04-04,2.575
2019-04-05,2.5788
2019-04-08,2.5821
2019-04-09,2.571
2019-04-10,2.5684
2019-04-11,2.5844
2019-04-12,2.6075
2019-04-15,2.6085
2019-04-16,2.6115
2019-04-17,2.6052
2019-04-18,2.599
2019-04-22,2.5843
2019-04-23,2.5716
2019-04-24,2.5472
2019-04-25,2.5633
2019-04-26,2.537
2019-04-29,2.54
2019-04-30,2.5283
2019-05-01,2.5585
2019-05-02,2.5695
2019-05-03,2.5625
2019-05-06,2.5386
2019-05-07,2.5288
2019-05-08,2.5273
2019-05-09,2.5026
2019-05-10,2.501
2019-05-13,2.4311
2019-05-14,2.4399
2019-05-15,2.419
2019-05-16,2.433
2019-05-17,2.434
2019-05-20,2.4477
2019-05-21,2.467
2019-05-22,2.4576
2019-05-23,2.4
2019-05-24,2.4065
2019-05-28,2.3845
2019-05-29,2.3705
2019-05-30,2.343
2019-05-31,2.238
2019-06-03,2.1333
2019-06-04,2.1599
2019-06-05,2.1396
2019-06-06,2.1485
2019-06-07,2.1182
2019-06-10,2.1623
2019-06-11,2.1855
2019-06-12,2.1432
2019-06-13,2.0815
2019-06-14,2.0836
2019-06-17,2.12
2019-06-18,2.1179
2019-06-19,1.9989
2019-06-20,2.0097
2019-06-21,2.0025
2019-06-24,1.9623
2019-06-25,1.9604
2019-06-26,2.016
2019-06-27,2.0015
2019-06-28,2.016
2019-07-01,2.0589
2019-07-02,2.0262
2019-07-03,2.018
2019-07-05,2.0965
2019-07-08,2.1109
2019-07-09,2.121
2019-07-10,2.0631
2019-07-11,2.0739
2019-07-12,2.0608
2019-07-15,2.0447
2019-07-16,2.0547
2019-07-17,2.039
2019-07-18,1.9795
2019-07-19,2.0384
2019-07-22,2.0457
2019-07-23,2.0605
2019-07-24,2.0506
2019-07-25,2.076
2019-07-26,2.0873
2019-07-29,2.072
2019-07-30,2.0672
2019-07-31,2.1017
2019-08-01,1.9935
2019-08-02,1.959
2019-08-05,1.824
2019-08-06,1.836
2019-08-07,1.8244
2019-08-08,1.8401
2019-08-09,1.862
2019-08-12,1.8167
2019-08-13,1.8742
2019-08-14,1.815
2019-08-15,1.7446
2019-08-16,1.7487
2019-08-19,1.7981
2019-08-20,1.767
2019-08-21,1.814
2019-08-22,1.8396
2019-08-23,1.774
2019-08-26,1.7923
2019-08-27,1.7712
2019-08-28,1.7728
2019-08-29,1.7928
2019-08-30,1.7935
2019-09-03,1.7285
2019-09-04,1.7158
2019-09-05,1.768
2019-09-06,1.7855
2019-09-09,1.83
2019-09-10,1.8729
2019-09-11,1.8633
2019-09-12,1.894
2019-09-13,1.955
2019-09-16,1.9315
2019-09-17,1.9195
2019-09-18,1.927
2019-09-19,1.9128
2019-09-20,1.8875
2019-09-23,1.8705
2019-09-24,1.8225
2019-09-25,1.8641
2019-09-26,1.8519
2019-09-27,1.8375
2019-09-30,1.827
2019-10-01,1.778
2019-10-02,1.7255
2019-10-03,1.6514
2019-10-04,1.672
2019-10-07,1.6934
2019-10-08,1.66
2019-10-09,1.6871
2019-10-10,1.737
2019-10-11,1.7847
2019-10-15,1.801
2019-10-16,1.7675
2019-10-17,1.7655
2019-10-18,1.742
2019-10-21,1.763
2019-10-22,1.738
2019-10-23,1.7456
2019-10-24,1.7369
2019-10-25,1.7645
2019-10-28,1.7745
2019-10-29,1.766
2019-10-30,1.7435
2019-10-31,1.688
2019-11-01,1.7175
2019-11-04,1.7454
2019-11-05,1.76
2019-11-06,1.7522
2019-11-07,1.776
2019-11-08,1.787
2019-11-12,1.778
2019-11-13,1.7608
2019-11-14,1.7325
2019-11-15,1.7367
2019-11-18,1.7235
2019-11-19,1.7105
2019-11-20,1.697
2019-11-21,1.7137
2019-11-22,1.7355
2019-11-25,1.7425
2019-11-26,1.732
2019-11-27,1.7565
2019-11-29,1.7409
2019-12-02,1.7425
2019-12-03,1.6908
2019-12-04,1.7074
2019-12-05,1.7165
2019-12-06,1.7323
2019-12-09,1.7273
2019-12-10,1.7425
2019-12-11,1.7312
2019-12-12,1.7678
2019-12-13,1.747
2019-12-16,1.7658
2019-12-17,1.771
2019-12-18,1.778
2019-12-19,1.7855
2019-12-20,1.7955
2019-12-23,1.804
2019-12-24,1.804
2019-12-26,1.8042
2019-12-27,1.78
2019-12-30,1.7676
2019-12-31,1.7704
2020-01-02,1.7604
2020-01-03,1.7233
2020-01-06,1.7211
2020-01-07,1.717
2020-01-08,1.7292
2020-01-09,1.729
2020-01-10,1.7218
2020-01-13,1.7308
2020-01-14,1.7292
2020-01-15,1.727
2020-01-16,1.7269
2020-01-17,1.7283
2020-01-21,1.7055
2020-01-22,1.7036
2020-01-23,1.6862
2020-01-24,1.6781
2020-01-27,1.6363
2020-01-28,1.6575
2020-01-29,1.6264
2020-01-30,1.6245
2020-01-31,1.5422
2020-02-03,1.5755
2020-02-04,1.616
2020-02-05,1.6328
2020-02-06,1.628
2020-02-07,1.5897
2020-02-10,1.568
2020-02-11,1.586
2020-02-12,1.6068
2020-02-13,1.5928
2020-02-14,1.5842
2020-02-18,1.5655
2020-02-19,1.5798
2020-02-20,1.5478
2020-02-21,1.5132
2020-02-24,1.4311
2020-02-25,1.414
2020-02-26,1.3671
2020-02-27,1.2606
2020-02-28,1.1418
2020-03-02,1.049
2020-03-03,0.875
2020-03-04,0.808
2020-03-05,0.76
2020-03-06,0.6892
2020-03-09,0.51
2020-03-10,0.5861
2020-03-11,0.5151
2020-03-12,0.5137
2020-03-13,0.5475
2020-03-16,0.4945
2020-03-17,0.602
2020-03-18,0.642
2020-03-19,0.72
2020-03-20,0.632
2020-03-23,0.616
2020-03-24,0.645
2020-03-25,0.6595
2020-03-26,0.6694
2020-03-27,0.6969
2020-03-30,0.6799
2020-03-31,0.6653
2020-04-01,0.6555
2020-04-02,0.6335
2020-04-03,0.6479
2020-04-06,0.6602
2020-04-07,0.681
2020-04-08,0.6715
2020-04-09,0.6117
2020-04-10,0.6105
2020-04-13,0.6047
2020-04-14,0.571
2020-04-15,0.5407
2020-04-16,0.558
2020-04-17,0.5465
2020-04-20,0.5575
2020-04-21,0.5412
2020-04-22,0.5267
2020-04-23,0.5162
2020-04-24,0.4791
2020-04-27,0.463
2020-04-28,0.4295
2020-04-29,0.4023
2020-04-30,0.3705
2020-05-01,0.3743
2020-05-04,0.361
2020-05-05,0.3535
2020-05-06,0.338
2020-05-07,0.3014
2020-05-08,0.3158
2020-05-11,0.3175
2020-05-12,0.3309
2020-05-13,0.3195
2020-05-14,0.306
2020-05-15,0.3
2020-05-18,0.3152
2020-05-19,0.2995
2020-05-20,0.2918
2020-05-21,0.2954
2020-05-22,0.309
2020-05-26,0.3116
2020-05-27,0.3107
2020-05-28,0.3017
2020-05-29,0.2927
2020-06-01,0.2896
2020-06-02,0.2886
2020-06-03,0.3011
2020-06-04,0.3015
2020-06-05,0.3067
2020-06-08,0.321
2020-06-09,0.3144
2020-06-10,0.2989
2020-06-11,0.3167
2020-06-12,0.3035
2020-06-15,0.3
2020-06-16,0.3038
2020-06-17,0.3005
2020-06-18,0.2942
2020-06-19,0.2918
2020-06-22,0.2901
2020-06-23,0.2884
2020-06-24,0.2845
2020-06-25,0.2912
2020-06-26,0.2801
2020-06-29,0.2649
2020-06-30,0.2645
2020-07-01,0.2689
2020-07-02,0.2696
2020-07-06,0.256
2020-07-07,0.252
2020-07-08,0.256
2020-07-09,0.251
2020-07-10,0.2497
2020-07-13,0.2567
2020-07-14,0.2558
2020-07-15,0.2567
2020-07-16,0.2532
2020-07-17,0.2548
2020-07-20,0.248
2020-07-21,0.2405
2020-07-22,0.2445
2020-07-23,0.2355
2020-07-24,0.2361
2020-07-27,0.244
2020-07-28,0.2444
2020-07-29,0.2345
2020-07-30,0.2211
2020-07-31,0.2122
2020-08-03,0.2174
2020-08-04,0.2145
2020-08-05,0.2165
2020-08-06,0.2195
2020-08-07,0.2305
2020-08-10,0.2371
2020-08-11,0.2418
2020-08-12,0.2466
2020-08-13,0.254
2020-08-14,0.2453
2020-08-17,0.2409
2020-08-18,0.2316
2020-08-19,0.23
2020-08-20,0.2319
2020-08-21,0.2306
2020-08-24,0.2288
2020-08-25,0.2373
2020-08-26,0.2419
2020-08-27,0.2532
2020-08-28,0.2368
2020-08-31,0.2344
2020-09-01,0.237
2020-09-02,0.2389
2020-09-03,0.2349
2020-09-04,0.2387
2020-09-08,0.241
2020-09-09,0.2438
2020-09-10,0.2392
2020-09-11,0.2337
2020-09-14,0.2326
2020-09-15,0.2361
2020-09-16,0.2289
2020-09-17,0.2241
2020-09-18,0.2278
2020-09-21,0.2294
2020-09-22,0.228
2020-09-23,0.231
2020-09-24,0.2352
2020-09-25,0.2255
2020-09-28,0.2242
2020-09-29,0.2194
2020-09-30,0.22
2020-10-01,0.2188
2020-10-02,0.2175
2020-10-05,0.2155
2020-10-06,0.2226
2020-10-07,0.2224
2020-10-08,0.2194
2020-10-09,0.2204
2020-10-13,0.2183
2020-10-14,0.2147
2020-10-15,0.211
2020-10-16,0.2109
2020-10-19,0.2077
2020-10-20,0.2089
2020-10-21,0.2058
2020-10-22,0.2102
2020-10-23,0.2132
2020-10-26,0.2144
2020-10-27,0.2106
2020-10-28,0.21
2020-10-29,0.2095
2020-10-30,0.2097
2020-11-02,0.2124
2020-11-03,0.2165
2020-11-04,0.214
2020-11-05,0.208
2020-11-06,0.206
2020-11-09,0.2093
2020-11-10,0.2188
2020-11-11,0.219
2020-11-12,0.2183
2020-11-13,0.2197
2020-11-16,0.2191
2020-11-17,0.2211
2020-11-18,0.2199
2020-11-19,0.2129
2020-11-20,0.2115
2020-11-23,0.2122
2020-11-24,0.2197
2020-11-25,0.2201
2020-11-26,0.2197
2020-11-27,0.2172
2020-11-30,0.2156
2020-12-01,0.2188
2020-12-02,0.2144
2020-12-03,0.2091
2020-12-04,0.2096
2020-12-07,0.2093
2020-12-08,0.2128
2020-12-09,0.2033
2020-12-10,0.1958
2020-12-11,0.1835
2020-12-14,0.1847
2020-12-15,0.191
2020-12-16,0.1946
2020-12-17,0.1959
2020-12-18,0.1935
2020-12-21,0.1969
2020-12-22,0.1943
2020-12-23,0.202
2020-12-24,0.1962
2020-12-25,0.1972
2020-12-28,0.1966
2020-12-29,0.199
2020-12-30,0.1937
2020-12-31,0.1925
2021-01-04,0.1858
2021-01-05,0.1873
2021-01-06,0.1959
2021-01-07,0.1967
2021-01-08,0.1952
2021-01-11,0.1991
2021-01-12,0.205
2021-01-13,0.2034
2021-01-14,0.1979
2021-01-15,0.194
2021-01-19,0.1951
2021-01-20,0.1966
2021-01-21,0.193
2021-01-22,0.1921
2021-01-25,0.1894
2021-01-26,0.1903
2021-01-27,0.186
2021-01-28,0.1822
2021-01-29,0.1766
2021-02-01,0.1752
2021-02-02,0.18
2021-02-03,0.1835
2021-02-04,0.1827
2021-02-05,0.1796
2021-02-08,0.182
2021-02-09,0.185
2021-02-10,0.1836
2021-02-11,0.1816
2021-02-12,0.1818
2021-02-16,0.1864
2021-02-17,0.1738
2021-02-18,0.174
2021-02-19,0.1714
2021-02-22,0.177
2021-02-23,0.1794
2021-02-24,0.1821
2021-02-25,0.1933
2021-02-26,0.1885
2021-03-01,0.1838
2021-03-02,0.182
2021-03-03,0.1917
2021-03-04,0.185
2021-03-05,0.1904
2021-03-08,0.195
2021-03-09,0.1919
2021-03-10,0.1954
2021-03-11,0.1944
2021-03-12,0.2013
2021-03-15,0.2016
2021-03-16,0.2045
2021-03-17,0.1968
2021-03-18,0.2011
2021-03-19,0.2027
2021-03-22,0.2063
2021-03-23,0.2047
2021-03-24,0.2068
2021-03-25,0.2069
2021-03-26,0.2102
2021-03-29,0.214
2021-03-30,0.2155
2021-03-31,0.2162
2021-04-01,0.2166
2021-04-02,0.2226
2021-04-05,0.2192
2021-04-06,0.2174
2021-04-07,0.2167
2021-04-08,0.2123
2021-04-09,0.209
2021-04-12,0.2108
2021-04-13,0.2094
2021-04-14,0.2095
2021-04-15,0.214
2021-04-16,0.215
2021-04-19,0.2161
2021-04-20,0.2123
2021-04-21,0.2057
2021-04-22,0.2068
2021-04-23,0.2094
2021-04-26,0.2108
2021-04-27,0.2149
2021-04-28,0.2125
2021-04-29,0.2095
2021-04-30,0.2086
2021-05-03,0.2095
2021-05-04,0.2084
2021-05-05,0.2012
2021-05-06,0.196
2021-05-07,0.1905
2021-05-10,0.1928
2021-05-11,0.1894
2021-05-12,0.188
2021-05-13,0.1828
2021-05-14,0.1804
2021-05-17,0.1746
2021-05-18,0.1744
2021-05-19,0.1743
2021-05-20,0.1714
2021-05-21,0.1707
2021-05-24,0.1639
2021-05-25,0.1597
2021-05-26,0.152
2021-05-27,0.1452
2021-05-28,0.1459
2021-06-01,0.1448
2021-06-02,0.147
2021-06-03,0.1494
2021-06-04,0.1453
2021-06-07,0.1442
2021-06-08,0.145
2021-06-09,0.1458
2021-06-10,0.1445
2021-06-11,0.145
2021-06-14,0.1512
2021-06-15,0.1547
2021-06-16,0.1604
2021-06-17,0.1621
2021-06-18,0.1737
2021-06-21,0.1791
2021-06-22,0.1748
2021-06-23,0.185
2021-06-24,0.1881
2021-06-25,0.1858
2021-06-28,0.1887
2021-06-29,0.185
2021-06-30,0.184
2021-07-01,0.1863
2021-07-02,0.1759
2021-07-06,0.1711
2021-07-07,0.1646
2021-07-08,0.1635
2021-07-09,0.169
2021-07-12,0.1727
2021-07-13,0.1751
2021-07-14,0.1639
2021-07-15,0.1637
2021-07-16,0.1628
2021-07-19,0.1671
2021-07-20,0.1718
2021-07-21,0.1722
2021-07-22,0.1655
2021-07-23,0.1629
2021-07-26,0.1645
2021-07-27,0.1625
2021-07-28,0.1585
2021-07-29,0.1577
2021-07-30,0.1475
2021-08-02,0.1485
2021-08-03,0.1438
2021-08-04,0.1464
2021-08-05,0.1541
2021-08-06,0.1583
2021-08-09,0.1593
2021-08-10,0.1614
2021-08-11,0.1554
2021-08-12,0.1587
2021-08-13,0.1545
2021-08-16,0.1553
2021-08-17,0.158
2021-08-18,0.1603
2021-08-19,0.1653
2021-08-20,0.1637
2021-08-23,0.1655
2021-08-24,0.1666
2021-08-25,0.1648
2021-08-26,0.166
2021-08-27,0.1574
2021-08-30,0.1524
2021-08-31,0.1546
2021-09-01,0.1555
2021-09-02,0.1563
2021-09-03,0.1539
2021-09-07,0.1553
2021-09-08,0.1571
2021-09-09,0.158
2021-09-10,0.1604
2021-09-13,0.159
2021-09-14,0.157
2021-09-15,0.161
2021-09-16,0.1644
2021-09-17,0.1655
2021-09-20,0.1662
2021-09-21,0.1693
2021-09-22,0.1729
2021-09-23,0.1792
2021-09-24,0.1815
2021-09-27,0.1834
2021-09-28,0.1826
2021-09-29,0.1764
2021-09-30,0.1722
2021-10-01,0.1703
2021-10-04,0.1682
2021-10-05,0.1702
2021-10-06,0.1699
2021-10-07,0.174
2021-10-08,0.1831
2021-10-12,0.197
2021-10-13,0.2046
2021-10-14,0.2115
2021-10-15,0.2276
2021-10-18,0.2435
2021-10-19,0.2373
2021-10-20,0.2375
2021-10-21,0.2643
2021-10-22,0.2696
2021-10-25,0.2661
2021-10-26,0.267
2021-10-27,0.2937
2021-10-28,0.2964
2021-10-29,0.3141
2021-11-01,0.3244
2021-11-02,0.2907
2021-11-03,0.305
2021-11-04,0.2865
2021-11-05,0.2756
2021-11-08,0.288
2021-11-09,0.2801
2021-11-10,0.3255
2021-11-11,0.326
2021-11-12,0.3403
2021-11-15,0.3399
2021-11-16,0.336
2021-11-17,0.328
2021-11-18,0.3325
2021-11-19,0.3618
2021-11-22,0.4029
2021-11-23,0.399
2021-11-24,0.4259
2021-11-25,0.4267
2021-11-26,0.3546
2021-11-29,0.3335
2021-11-30,0.387
2021-12-01,0.382
2021-12-02,0.404
2021-12-03,0.3925
2021-12-06,0.4224
2021-12-07,0.4525
2021-12-08,0.4383
2021-12-09,0.4532
2021-12-10,0.4359
2021-12-13,0.4245
2021-12-14,0.4419
2021-12-15,0.4742
2021-12-16,0.4763
2021-12-17,0.4999
2021-12-20,0.496
2021-12-21,0.5167
2021-12-22,0.5209
2021-12-23,0.5306
2021-12-24,0.529
2021-12-27,0.5374
2021-12-28,0.5437
2021-12-29,0.5433
2021-12-30,0.529
2021-12-31,0.535
2022-01-03,0.5434
2022-01-04,0.5324
2022-01-05,0.5839
2022-01-06,0.606
2022-01-07,0.613
2022-01-10,0.6337
2022-01-11,0.6275
2022-01-12,0.6515
2022-01-13,0.6468
2022-01-14,0.679
2022-01-18,0.7483
2022-01-19,0.7459
2022-01-20,0.7272
2022-01-21,0.719
2022-01-24,0.7102
2022-01-25,0.7246
2022-01-26,0.8133
2022-01-27,0.8539
2022-01-28,0.8558
2022-01-31,0.885
2022-02-01,0.862
2022-02-02,0.8572
2022-02-03,0.8936
2022-02-04,0.9983
2022-02-07,0.9859
2022-02-08,1.0201
2022-02-09,1.044
2022-02-10,1.2506
2022-02-11,1.2564
2022-02-14,1.2623
2022-02-15,1.256
2022-02-16,1.2224
2022-02-17,1.1971
2022-02-18,1.1767
2022-02-22,1.2513
2022-02-23,1.2725
2022-02-24,1.237
2022-02-25,1.2419
2022-02-28,1.1335
2022-03-01,1.0655
2022-03-02,1.2009
2022-03-03,1.287
2022-03-04,1.279
2022-03-07,1.3234
2022-03-08,1.3882
2022-03-09,1.4314
2022-03-10,1.4704
2022-03-11,1.5138
2022-03-14,1.5932
2022-03-15,1.5986
2022-03-16,1.6483
2022-03-17,1.6375
2022-03-18,1.6768
2022-03-21,1.8064
2022-03-22,1.8493
2022-03-23,1.8198
2022-03-24,1.884
2022-03-25,1.962
2022-03-28,1.9993
2022-03-29,1.9829
2022-03-30,1.926
2022-03-31,1.9466
2022-04-01,2.0205
2022-04-04,2.0033
2022-04-05,2.0739
2022-04-06,2.0749
2022-04-07,2.0814
2022-04-08,2.1173
2022-04-11,2.1204
2022-04-12,2.0803
2022-04-13,2.0754
2022-04-14,2.1405
2022-04-18,2.1368
2022-04-19,2.2244
2022-04-20,2.2513
2022-04-21,2.3727
2022-04-22,2.427
2022-04-25,2.4025
2022-04-26,2.337
2022-04-27,2.3916
2022-04-28,2.4506
2022-04-29,2.5563
2022-05-02,2.5439
2022-05-03,2.5825
2022-05-04,2.5135
2022-05-05,2.534
2022-05-06,2.5456
2022-05-09,2.4302
